rate_date,quote_currency,base_currency,fx_rate,source,ingested_at
2025-03-09,EUR,USD,0.9261,API_PRIMARY,2026-03-09 16:20:05
2025-03-10,EUR,USD,0.9269,API_PRIMARY,2026-03-09 16:20:05
2025-03-11,EUR,USD,0.9356,API_PRIMARY,2026-03-09 16:20:05
2025-03-12,EUR,USD,0.9261,API_PRIMARY,2026-03-09 16:20:05
2025-03-13,EUR,USD,0.9201,API_PRIMARY,2026-03-09 16:20:05
2025-03-14,EUR,USD,0.9153,API_PRIMARY,2026-03-09 16:20:05
2025-03-15,EUR,USD,0.9193,API_PRIMARY,2026-03-09 16:20:05
2025-03-16,EUR,USD,0.9196,API_PRIMARY,2026-03-09 16:20:05
2025-03-17,EUR,USD,0.9187,API_PRIMARY,2026-03-09 16:20:05
2025-03-18,EUR,USD,0.9187,,
2025-03-19,EUR,USD,0.9055,API_PRIMARY,2026-03-09 16:20:05
2025-03-20,EUR,USD,0.9108,API_PRIMARY,2026-03-09 16:20:05
2025-03-21,EUR,USD,0.9125,API_PRIMARY,2026-03-09 16:20:05
2025-03-22,EUR,USD,0.91,API_PRIMARY,2026-03-09 16:20:05
2025-03-23,EUR,USD,0.9281,API_PRIMARY,2026-03-09 16:20:05
2025-03-24,EUR,USD,0.9089,API_PRIMARY,2026-03-09 16:20:05
2025-03-25,EUR,USD,0.9257,API_PRIMARY,2026-03-09 16:20:05
2025-03-26,EUR,USD,0.916,API_PRIMARY,2026-03-09 16:20:05
2025-03-27,EUR,USD,0.9209,API_PRIMARY,2026-03-09 16:20:05
2025-03-28,EUR,USD,0.9286,API_PRIMARY,2026-03-09 16:20:05
2025-03-29,EUR,USD,0.9104,API_PRIMARY,2026-03-09 16:20:05
2025-03-30,EUR,USD,0.9095,API_PRIMARY,2026-03-09 16:20:05
2025-03-31,EUR,USD,0.916,API_PRIMARY,2026-03-09 16:20:05
2025-04-01,EUR,USD,0.9304,API_PRIMARY,2026-03-09 16:20:05
2025-04-02,EUR,USD,0.9149,API_PRIMARY,2026-03-09 16:20:05
2025-04-03,EUR,USD,0.9437,API_PRIMARY,2026-03-09 16:20:05
2025-04-04,EUR,USD,0.9258,API_PRIMARY,2026-03-09 16:20:05
2025-04-05,EUR,USD,0.9183,API_PRIMARY,2026-03-09 16:20:05
2025-04-06,EUR,USD,0.9003,API_PRIMARY,2026-03-09 16:20:05
2025-04-07,EUR,USD,0.9137,API_PRIMARY,2026-03-09 16:20:05
2025-04-08,EUR,USD,0.9196,API_PRIMARY,2026-03-09 16:20:05
2025-04-09,EUR,USD,0.9232,API_PRIMARY,2026-03-09 16:20:05
2025-04-10,EUR,USD,0.9146,API_PRIMARY,2026-03-09 16:20:05
2025-04-11,EUR,USD,0.9222,API_PRIMARY,2026-03-09 16:20:05
2025-04-12,EUR,USD,0.9143,API_PRIMARY,2026-03-09 16:20:05
2025-04-13,EUR,USD,0.9224,API_PRIMARY,2026-03-09 16:20:05
2025-04-14,EUR,USD,0.9365,API_PRIMARY,2026-03-09 16:20:05
2025-04-15,EUR,USD,0.9389,API_PRIMARY,2026-03-09 16:20:05
2025-04-16,EUR,USD,0.9208,API_PRIMARY,2026-03-09 16:20:05
2025-04-17,EUR,USD,0.916,API_PRIMARY,2026-03-09 16:20:05
2025-04-18,EUR,USD,0.916,API_PRIMARY,2026-03-09 16:20:05
2025-04-19,EUR,USD,0.9302,API_PRIMARY,2026-03-09 16:20:05
2025-04-20,EUR,USD,0.922,API_PRIMARY,2026-03-09 16:20:05
2025-04-21,EUR,USD,0.9255,API_PRIMARY,2026-03-09 16:20:05
2025-04-22,EUR,USD,0.9166,API_PRIMARY,2026-03-09 16:20:05
2025-04-23,EUR,USD,0.9235,API_PRIMARY,2026-03-09 16:20:05
2025-04-24,EUR,USD,0.9223,API_PRIMARY,2026-03-09 16:20:05
2025-04-25,EUR,USD,0.9071,API_PRIMARY,2026-03-09 16:20:05
2025-04-26,EUR,USD,0.9358,API_PRIMARY,2026-03-09 16:20:05
2025-04-27,EUR,USD,0.9146,API_PRIMARY,2026-03-09 16:20:05
2025-04-28,EUR,USD,0.911,API_PRIMARY,2026-03-09 16:20:05
2025-04-29,EUR,USD,0.9313,API_PRIMARY,2026-03-09 16:20:05
2025-04-30,EUR,USD,0.9324,API_PRIMARY,2026-03-09 16:20:05
2025-05-01,EUR,USD,0.9235,API_PRIMARY,2026-03-09 16:20:05
2025-05-02,EUR,USD,0.926,API_PRIMARY,2026-03-09 16:20:05
2025-05-03,EUR,USD,0.9146,API_PRIMARY,2026-03-09 16:20:05
2025-05-04,EUR,USD,0.9168,API_PRIMARY,2026-03-09 16:20:05
2025-05-05,EUR,USD,0.918,API_PRIMARY,2026-03-09 16:20:05
2025-05-06,EUR,USD,0.9211,API_PRIMARY,2026-03-09 16:20:05
2025-05-07,EUR,USD,0.9209,API_PRIMARY,2026-03-09 16:20:05
2025-05-08,EUR,USD,0.9255,API_PRIMARY,2026-03-09 16:20:05
2025-05-09,EUR,USD,0.9374,API_PRIMARY,2026-03-09 16:20:05
2025-05-10,EUR,USD,0.9228,API_PRIMARY,2026-03-09 16:20:05
2025-05-11,EUR,USD,0.9228,API_PRIMARY,2026-03-09 16:20:05
2025-05-12,EUR,USD,0.9273,API_PRIMARY,2026-03-09 16:20:05
2025-05-13,EUR,USD,0.9085,API_PRIMARY,2026-03-09 16:20:05
2025-05-14,EUR,USD,0.9265,API_PRIMARY,2026-03-09 16:20:05
2025-05-15,EUR,USD,0.922,API_PRIMARY,2026-03-09 16:20:05
2025-05-16,EUR,USD,0.9298,API_PRIMARY,2026-03-09 16:20:05
2025-05-17,EUR,USD,0.9129,API_PRIMARY,2026-03-09 16:20:05
2025-05-18,EUR,USD,0.9273,API_PRIMARY,2026-03-09 16:20:05
2025-05-19,EUR,USD,0.9277,API_PRIMARY,2026-03-09 16:20:05
2025-05-20,EUR,USD,0.9244,API_PRIMARY,2026-03-09 16:20:05
2025-05-21,EUR,USD,0.9232,API_PRIMARY,2026-03-09 16:20:05
2025-05-22,EUR,USD,0.9191,API_PRIMARY,2026-03-09 16:20:05
2025-05-23,EUR,USD,0.9215,API_PRIMARY,2026-03-09 16:20:05
2025-05-24,EUR,USD,0.9148,API_PRIMARY,2026-03-09 16:20:05
2025-05-25,EUR,USD,0.9152,API_PRIMARY,2026-03-09 16:20:05
2025-05-26,EUR,USD,0.9276,API_PRIMARY,2026-03-09 16:20:05
2025-05-27,EUR,USD,0.9207,API_PRIMARY,2026-03-09 16:20:05
2025-05-28,EUR,USD,0.9094,API_PRIMARY,2026-03-09 16:20:05
2025-05-29,EUR,USD,0.9276,API_PRIMARY,2026-03-09 16:20:05
2025-05-30,EUR,USD,0.9388,API_PRIMARY,2026-03-09 16:20:05
2025-05-31,EUR,USD,0.9192,API_PRIMARY,2026-03-09 16:20:05
2025-06-01,EUR,USD,0.9134,API_PRIMARY,2026-03-09 16:20:05
2025-06-02,EUR,USD,0.9313,API_PRIMARY,2026-03-09 16:20:05
2025-06-03,EUR,USD,0.9193,API_PRIMARY,2026-03-09 16:20:05
2025-06-04,EUR,USD,0.9193,,
2025-06-05,EUR,USD,0.9165,API_PRIMARY,2026-03-09 16:20:05
2025-06-06,EUR,USD,0.9089,API_PRIMARY,2026-03-09 16:20:05
2025-06-07,EUR,USD,0.9246,API_PRIMARY,2026-03-09 16:20:05
2025-06-08,EUR,USD,0.915,API_PRIMARY,2026-03-09 16:20:05
2025-06-09,EUR,USD,0.9267,API_PRIMARY,2026-03-09 16:20:05
2025-06-10,EUR,USD,0.9493,API_PRIMARY,2026-03-09 16:20:05
2025-06-11,EUR,USD,0.9493,,
2025-06-12,EUR,USD,0.9297,API_PRIMARY,2026-03-09 16:20:05
2025-06-13,EUR,USD,0.9198,API_PRIMARY,2026-03-09 16:20:05
2025-06-14,EUR,USD,0.9065,API_PRIMARY,2026-03-09 16:20:05
2025-06-15,EUR,USD,0.924,API_PRIMARY,2026-03-09 16:20:05
2025-06-16,EUR,USD,0.9282,API_PRIMARY,2026-03-09 16:20:05
2025-06-17,EUR,USD,0.912,API_PRIMARY,2026-03-09 16:20:05
2025-06-18,EUR,USD,0.9119,API_PRIMARY,2026-03-09 16:20:05
2025-06-19,EUR,USD,0.9185,API_PRIMARY,2026-03-09 16:20:05
2025-06-20,EUR,USD,0.9097,API_PRIMARY,2026-03-09 16:20:05
2025-06-21,EUR,USD,0.9247,API_PRIMARY,2026-03-09 16:20:05
2025-06-22,EUR,USD,0.9226,API_PRIMARY,2026-03-09 16:20:05
2025-06-23,EUR,USD,0.9369,API_PRIMARY,2026-03-09 16:20:05
2025-06-24,EUR,USD,0.9054,API_PRIMARY,2026-03-09 16:20:05
2025-06-25,EUR,USD,0.9301,API_PRIMARY,2026-03-09 16:20:05
2025-06-26,EUR,USD,0.9301,API_PRIMARY,2026-03-09 16:20:05
2025-06-27,EUR,USD,0.9279,API_PRIMARY,2026-03-09 16:20:05
2025-06-28,EUR,USD,0.9213,API_PRIMARY,2026-03-09 16:20:05
2025-06-29,EUR,USD,0.9228,API_PRIMARY,2026-03-09 16:20:05
2025-06-30,EUR,USD,0.9352,API_PRIMARY,2026-03-09 16:20:05
2025-07-01,EUR,USD,0.9102,API_PRIMARY,2026-03-09 16:20:05
2025-07-02,EUR,USD,0.9197,API_PRIMARY,2026-03-09 16:20:05
2025-07-03,EUR,USD,0.9279,API_PRIMARY,2026-03-09 16:20:05
2025-07-04,EUR,USD,0.9249,API_PRIMARY,2026-03-09 16:20:05
2025-07-05,EUR,USD,0.9341,API_PRIMARY,2026-03-09 16:20:05
2025-07-06,EUR,USD,0.9175,API_PRIMARY,2026-03-09 16:20:05
2025-07-07,EUR,USD,0.9324,API_PRIMARY,2026-03-09 16:20:05
2025-07-08,EUR,USD,0.9064,API_PRIMARY,2026-03-09 16:20:05
2025-07-09,EUR,USD,0.9064,,
2025-07-10,EUR,USD,0.9175,API_PRIMARY,2026-03-09 16:20:05
2025-07-11,EUR,USD,0.9126,API_PRIMARY,2026-03-09 16:20:05
2025-07-12,EUR,USD,0.9146,API_PRIMARY,2026-03-09 16:20:05
2025-07-13,EUR,USD,0.9127,API_PRIMARY,2026-03-09 16:20:05
2025-07-14,EUR,USD,0.9296,API_PRIMARY,2026-03-09 16:20:05
2025-07-15,EUR,USD,0.9222,API_PRIMARY,2026-03-09 16:20:05
2025-07-16,EUR,USD,0.9337,API_PRIMARY,2026-03-09 16:20:05
2025-07-17,EUR,USD,0.923,API_PRIMARY,2026-03-09 16:20:05
2025-07-18,EUR,USD,0.9182,API_PRIMARY,2026-03-09 16:20:05
2025-07-19,EUR,USD,0.9164,API_PRIMARY,2026-03-09 16:20:05
2025-07-20,EUR,USD,0.9253,API_PRIMARY,2026-03-09 16:20:05
2025-07-21,EUR,USD,0.9253,API_PRIMARY,2026-03-09 16:20:05
2025-07-22,EUR,USD,0.9181,API_PRIMARY,2026-03-09 16:20:05
2025-07-23,EUR,USD,0.9106,API_PRIMARY,2026-03-09 16:20:05
2025-07-24,EUR,USD,0.9416,API_PRIMARY,2026-03-09 16:20:05
2025-07-25,EUR,USD,0.9428,API_PRIMARY,2026-03-09 16:20:05
2025-07-26,EUR,USD,0.915,API_PRIMARY,2026-03-09 16:20:05
2025-07-27,EUR,USD,0.9249,API_PRIMARY,2026-03-09 16:20:05
2025-07-28,EUR,USD,0.9191,API_PRIMARY,2026-03-09 16:20:05
2025-07-29,EUR,USD,0.9191,,
2025-07-30,EUR,USD,0.9229,API_PRIMARY,2026-03-09 16:20:05
2025-07-31,EUR,USD,0.9248,API_PRIMARY,2026-03-09 16:20:05
2025-08-01,EUR,USD,0.9137,API_PRIMARY,2026-03-09 16:20:05
2025-08-02,EUR,USD,0.9245,API_PRIMARY,2026-03-09 16:20:05
2025-08-03,EUR,USD,0.9098,API_PRIMARY,2026-03-09 16:20:05
2025-08-04,EUR,USD,0.9335,API_PRIMARY,2026-03-09 16:20:05
2025-08-05,EUR,USD,0.923,API_PRIMARY,2026-03-09 16:20:05
2025-08-06,EUR,USD,0.9173,API_PRIMARY,2026-03-09 16:20:05
2025-08-07,EUR,USD,0.9193,API_PRIMARY,2026-03-09 16:20:05
2025-08-08,EUR,USD,0.9085,API_PRIMARY,2026-03-09 16:20:05
2025-08-09,EUR,USD,0.9266,API_PRIMARY,2026-03-09 16:20:05
2025-08-10,EUR,USD,0.9244,API_PRIMARY,2026-03-09 16:20:05
2025-08-11,EUR,USD,0.916,API_PRIMARY,2026-03-09 16:20:05
2025-08-12,EUR,USD,0.9268,API_PRIMARY,2026-03-09 16:20:05
2025-08-13,EUR,USD,0.9224,API_PRIMARY,2026-03-09 16:20:05
2025-08-14,EUR,USD,0.921,API_PRIMARY,2026-03-09 16:20:05
2025-08-15,EUR,USD,0.9069,API_PRIMARY,2026-03-09 16:20:05
2025-08-16,EUR,USD,0.9173,API_PRIMARY,2026-03-09 16:20:05
2025-08-17,EUR,USD,0.9108,API_PRIMARY,2026-03-09 16:20:05
2025-08-18,EUR,USD,0.9177,API_PRIMARY,2026-03-09 16:20:05
2025-08-19,EUR,USD,0.9388,API_PRIMARY,2026-03-09 16:20:05
2025-08-20,EUR,USD,0.9287,API_PRIMARY,2026-03-09 16:20:05
2025-08-21,EUR,USD,0.9042,API_PRIMARY,2026-03-09 16:20:05
2025-08-22,EUR,USD,0.924,API_PRIMARY,2026-03-09 16:20:05
2025-08-23,EUR,USD,0.9252,API_PRIMARY,2026-03-09 16:20:05
2025-08-24,EUR,USD,0.9224,API_PRIMARY,2026-03-09 16:20:05
2025-08-25,EUR,USD,0.9371,API_PRIMARY,2026-03-09 16:20:05
2025-08-26,EUR,USD,0.9128,API_PRIMARY,2026-03-09 16:20:05
2025-08-27,EUR,USD,0.9181,API_PRIMARY,2026-03-09 16:20:05
2025-08-28,EUR,USD,0.9152,API_PRIMARY,2026-03-09 16:20:05
2025-08-29,EUR,USD,0.9163,API_PRIMARY,2026-03-09 16:20:05
2025-08-30,EUR,USD,0.9095,API_PRIMARY,2026-03-09 16:20:05
2025-08-31,EUR,USD,0.9197,API_PRIMARY,2026-03-09 16:20:05
2025-09-01,EUR,USD,0.9063,API_PRIMARY,2026-03-09 16:20:05
2025-09-02,EUR,USD,0.9078,API_PRIMARY,2026-03-09 16:20:05
2025-09-03,EUR,USD,0.9099,API_PRIMARY,2026-03-09 16:20:05
2025-09-04,EUR,USD,0.919,API_PRIMARY,2026-03-09 16:20:05
2025-09-05,EUR,USD,0.9188,API_PRIMARY,2026-03-09 16:20:05
2025-09-06,EUR,USD,0.9123,API_PRIMARY,2026-03-09 16:20:05
2025-09-07,EUR,USD,0.9266,API_PRIMARY,2026-03-09 16:20:05
2025-09-08,EUR,USD,0.9145,API_PRIMARY,2026-03-09 16:20:05
2025-09-09,EUR,USD,0.9145,API_PRIMARY,2026-03-09 16:20:05
2025-09-10,EUR,USD,0.9255,API_PRIMARY,2026-03-09 16:20:05
2025-09-11,EUR,USD,0.9187,API_PRIMARY,2026-03-09 16:20:05
2025-09-12,EUR,USD,0.9166,API_PRIMARY,2026-03-09 16:20:05
2025-09-13,EUR,USD,0.9133,API_PRIMARY,2026-03-09 16:20:05
2025-09-14,EUR,USD,0.9101,API_PRIMARY,2026-03-09 16:20:05
2025-09-15,EUR,USD,0.9282,API_PRIMARY,2026-03-09 16:20:05
2025-09-16,EUR,USD,0.9123,API_PRIMARY,2026-03-09 16:20:05
2025-09-17,EUR,USD,0.9274,API_PRIMARY,2026-03-09 16:20:05
2025-09-18,EUR,USD,0.9224,API_PRIMARY,2026-03-09 16:20:05
2025-09-19,EUR,USD,0.919,API_PRIMARY,2026-03-09 16:20:05
2025-09-20,EUR,USD,0.9199,API_PRIMARY,2026-03-09 16:20:05
2025-09-21,EUR,USD,0.9096,API_PRIMARY,2026-03-09 16:20:05
2025-09-22,EUR,USD,0.9092,API_PRIMARY,2026-03-09 16:20:05
2025-09-23,EUR,USD,0.9169,API_PRIMARY,2026-03-09 16:20:05
2025-09-24,EUR,USD,0.9294,API_PRIMARY,2026-03-09 16:20:05
2025-09-25,EUR,USD,0.9204,API_PRIMARY,2026-03-09 16:20:05
2025-09-26,EUR,USD,0.9303,API_PRIMARY,2026-03-09 16:20:05
2025-09-27,EUR,USD,0.9097,API_PRIMARY,2026-03-09 16:20:05
2025-09-28,EUR,USD,0.9282,API_PRIMARY,2026-03-09 16:20:05
2025-09-29,EUR,USD,0.922,API_PRIMARY,2026-03-09 16:20:05
2025-09-30,EUR,USD,0.9269,API_PRIMARY,2026-03-09 16:20:05
2025-10-01,EUR,USD,0.9091,API_PRIMARY,2026-03-09 16:20:05
2025-10-02,EUR,USD,0.9302,API_PRIMARY,2026-03-09 16:20:05
2025-10-03,EUR,USD,0.9205,API_PRIMARY,2026-03-09 16:20:05
2025-10-04,EUR,USD,0.9091,API_PRIMARY,2026-03-09 16:20:05
2025-10-05,EUR,USD,0.9199,API_PRIMARY,2026-03-09 16:20:05
2025-10-06,EUR,USD,0.927,API_PRIMARY,2026-03-09 16:20:05
2025-10-07,EUR,USD,0.9244,API_PRIMARY,2026-03-09 16:20:05
2025-10-08,EUR,USD,0.9232,API_PRIMARY,2026-03-09 16:20:05
2025-10-09,EUR,USD,0.92,API_PRIMARY,2026-03-09 16:20:05
2025-10-10,EUR,USD,0.9207,API_PRIMARY,2026-03-09 16:20:05
2025-10-11,EUR,USD,0.9188,API_PRIMARY,2026-03-09 16:20:05
2025-10-12,EUR,USD,0.9239,API_PRIMARY,2026-03-09 16:20:05
2025-10-13,EUR,USD,0.9153,API_PRIMARY,2026-03-09 16:20:05
2025-10-14,EUR,USD,0.9249,API_PRIMARY,2026-03-09 16:20:05
2025-10-15,EUR,USD,0.9062,API_PRIMARY,2026-03-09 16:20:05
2025-10-16,EUR,USD,0.9133,API_PRIMARY,2026-03-09 16:20:05
2025-10-17,EUR,USD,0.9217,API_PRIMARY,2026-03-09 16:20:05
2025-10-18,EUR,USD,0.9217,,
2025-10-19,EUR,USD,0.9135,API_PRIMARY,2026-03-09 16:20:05
2025-10-20,EUR,USD,0.9212,API_PRIMARY,2026-03-09 16:20:05
2025-10-21,EUR,USD,0.9071,API_PRIMARY,2026-03-09 16:20:05
2025-10-22,EUR,USD,0.9313,API_PRIMARY,2026-03-09 16:20:05
2025-10-23,EUR,USD,0.9337,API_PRIMARY,2026-03-09 16:20:05
2025-10-24,EUR,USD,0.9121,API_PRIMARY,2026-03-09 16:20:05
2025-10-25,EUR,USD,0.9098,API_PRIMARY,2026-03-09 16:20:05
2025-10-26,EUR,USD,0.9098,,
2025-10-27,EUR,USD,0.9167,API_PRIMARY,2026-03-09 16:20:05
2025-10-28,EUR,USD,0.9305,API_PRIMARY,2026-03-09 16:20:05
2025-10-29,EUR,USD,0.9216,API_PRIMARY,2026-03-09 16:20:05
2025-10-30,EUR,USD,0.918,API_PRIMARY,2026-03-09 16:20:05
2025-10-31,EUR,USD,0.9064,API_PRIMARY,2026-03-09 16:20:05
2025-11-01,EUR,USD,0.9309,API_PRIMARY,2026-03-09 16:20:05
2025-11-02,EUR,USD,0.9328,API_PRIMARY,2026-03-09 16:20:05
2025-11-03,EUR,USD,0.9224,API_PRIMARY,2026-03-09 16:20:05
2025-11-04,EUR,USD,0.9137,API_PRIMARY,2026-03-09 16:20:05
2025-11-05,EUR,USD,0.9351,API_PRIMARY,2026-03-09 16:20:05
2025-11-06,EUR,USD,0.9055,API_PRIMARY,2026-03-09 16:20:05
2025-11-07,EUR,USD,0.9295,API_PRIMARY,2026-03-09 16:20:05
2025-11-08,EUR,USD,0.9116,API_PRIMARY,2026-03-09 16:20:05
2025-11-09,EUR,USD,0.9327,API_PRIMARY,2026-03-09 16:20:05
2025-11-10,EUR,USD,0.9253,API_PRIMARY,2026-03-09 16:20:05
2025-11-11,EUR,USD,0.9084,API_PRIMARY,2026-03-09 16:20:05
2025-11-12,EUR,USD,0.9045,API_PRIMARY,2026-03-09 16:20:05
2025-11-13,EUR,USD,0.9077,API_PRIMARY,2026-03-09 16:20:05
2025-11-14,EUR,USD,0.9304,API_PRIMARY,2026-03-09 16:20:05
2025-11-15,EUR,USD,0.8988,API_PRIMARY,2026-03-09 16:20:05
2025-11-16,EUR,USD,0.9026,API_PRIMARY,2026-03-09 16:20:05
2025-11-17,EUR,USD,0.9095,API_PRIMARY,2026-03-09 16:20:05
2025-11-18,EUR,USD,0.9077,API_PRIMARY,2026-03-09 16:20:05
2025-11-19,EUR,USD,0.9191,API_PRIMARY,2026-03-09 16:20:05
2025-11-20,EUR,USD,0.9119,API_PRIMARY,2026-03-09 16:20:05
2025-11-21,EUR,USD,0.9112,API_PRIMARY,2026-03-09 16:20:05
2025-11-22,EUR,USD,0.9341,API_PRIMARY,2026-03-09 16:20:05
2025-11-23,EUR,USD,0.91,API_PRIMARY,2026-03-09 16:20:05
2025-11-24,EUR,USD,0.9131,API_PRIMARY,2026-03-09 16:20:05
2025-11-25,EUR,USD,0.9189,API_PRIMARY,2026-03-09 16:20:05
2025-11-26,EUR,USD,0.9069,API_PRIMARY,2026-03-09 16:20:05
2025-11-27,EUR,USD,0.9292,API_PRIMARY,2026-03-09 16:20:05
2025-11-28,EUR,USD,0.9139,API_PRIMARY,2026-03-09 16:20:05
2025-11-29,EUR,USD,0.9106,API_PRIMARY,2026-03-09 16:20:05
2025-11-30,EUR,USD,0.9153,API_PRIMARY,2026-03-09 16:20:05
2025-12-01,EUR,USD,0.9236,API_PRIMARY,2026-03-09 16:20:05
2025-12-02,EUR,USD,0.9195,API_PRIMARY,2026-03-09 16:20:05
2025-12-03,EUR,USD,0.9087,API_PRIMARY,2026-03-09 16:20:05
2025-12-04,EUR,USD,0.9087,,
2025-12-05,EUR,USD,0.9367,API_PRIMARY,2026-03-09 16:20:05
2025-12-06,EUR,USD,0.9128,API_PRIMARY,2026-03-09 16:20:05
2025-12-07,EUR,USD,0.9324,API_PRIMARY,2026-03-09 16:20:05
2025-12-08,EUR,USD,0.9116,API_PRIMARY,2026-03-09 16:20:05
2025-12-09,EUR,USD,0.9116,,
2025-12-10,EUR,USD,0.9093,API_PRIMARY,2026-03-09 16:20:05
2025-12-11,EUR,USD,0.9228,API_PRIMARY,2026-03-09 16:20:05
2025-12-12,EUR,USD,0.9118,API_PRIMARY,2026-03-09 16:20:05
2025-12-13,EUR,USD,0.9359,API_PRIMARY,2026-03-09 16:20:05
2025-12-14,EUR,USD,0.9194,API_PRIMARY,2026-03-09 16:20:05
2025-12-15,EUR,USD,0.92,API_PRIMARY,2026-03-09 16:20:05
2025-12-16,EUR,USD,0.9143,API_PRIMARY,2026-03-09 16:20:05
2025-12-17,EUR,USD,0.9226,API_PRIMARY,2026-03-09 16:20:05
2025-12-18,EUR,USD,0.9158,API_PRIMARY,2026-03-09 16:20:05
2025-12-19,EUR,USD,0.921,API_PRIMARY,2026-03-09 16:20:05
2025-12-20,EUR,USD,0.9056,API_PRIMARY,2026-03-09 16:20:05
2025-12-21,EUR,USD,0.9275,API_PRIMARY,2026-03-09 16:20:05
2025-12-22,EUR,USD,0.9164,API_PRIMARY,2026-03-09 16:20:05
2025-12-23,EUR,USD,0.9117,API_PRIMARY,2026-03-09 16:20:05
2025-12-24,EUR,USD,0.9154,API_PRIMARY,2026-03-09 16:20:05
2025-12-25,EUR,USD,0.9112,API_PRIMARY,2026-03-09 16:20:05
2025-12-26,EUR,USD,0.9266,API_PRIMARY,2026-03-09 16:20:05
2025-12-27,EUR,USD,0.9145,API_PRIMARY,2026-03-09 16:20:05
2025-12-28,EUR,USD,0.9016,API_PRIMARY,2026-03-09 16:20:05
2025-12-29,EUR,USD,0.9184,API_PRIMARY,2026-03-09 16:20:05
2025-12-30,EUR,USD,0.915,API_PRIMARY,2026-03-09 16:20:05
2025-12-31,EUR,USD,0.9285,API_PRIMARY,2026-03-09 16:20:05
2026-01-01,EUR,USD,0.9364,API_PRIMARY,2026-03-09 16:20:05
2026-01-02,EUR,USD,0.9137,API_PRIMARY,2026-03-09 16:20:05
2026-01-03,EUR,USD,0.9224,API_PRIMARY,2026-03-09 16:20:05
2026-01-04,EUR,USD,0.932,API_PRIMARY,2026-03-09 16:20:05
2026-01-05,EUR,USD,0.932,,
2026-01-06,EUR,USD,0.9339,API_PRIMARY,2026-03-09 16:20:05
2026-01-07,EUR,USD,0.925,API_PRIMARY,2026-03-09 16:20:05
2026-01-08,EUR,USD,0.9214,API_PRIMARY,2026-03-09 16:20:05
2026-01-09,EUR,USD,0.9254,API_PRIMARY,2026-03-09 16:20:05
2026-01-10,EUR,USD,0.9062,API_PRIMARY,2026-03-09 16:20:05
2026-01-11,EUR,USD,0.9169,API_PRIMARY,2026-03-09 16:20:05
2026-01-12,EUR,USD,0.9274,API_PRIMARY,2026-03-09 16:20:05
2026-01-13,EUR,USD,0.9156,API_PRIMARY,2026-03-09 16:20:05
2026-01-14,EUR,USD,0.9281,API_PRIMARY,2026-03-09 16:20:05
2026-01-15,EUR,USD,0.9287,API_PRIMARY,2026-03-09 16:20:05
2026-01-16,EUR,USD,0.9366,API_PRIMARY,2026-03-09 16:20:05
2026-01-17,EUR,USD,0.9111,API_PRIMARY,2026-03-09 16:20:05
2026-01-18,EUR,USD,0.9117,API_PRIMARY,2026-03-09 16:20:05
2026-01-19,EUR,USD,0.9239,API_PRIMARY,2026-03-09 16:20:05
2026-01-20,EUR,USD,0.9242,API_PRIMARY,2026-03-09 16:20:05
2026-01-21,EUR,USD,0.9226,API_PRIMARY,2026-03-09 16:20:05
2026-01-22,EUR,USD,0.9322,API_PRIMARY,2026-03-09 16:20:05
2026-01-23,EUR,USD,0.9251,API_PRIMARY,2026-03-09 16:20:05
2026-01-24,EUR,USD,0.9251,API_PRIMARY,2026-03-09 16:20:05
2026-01-25,EUR,USD,0.9156,API_PRIMARY,2026-03-09 16:20:05
2026-01-26,EUR,USD,0.9194,API_PRIMARY,2026-03-09 16:20:05
2026-01-27,EUR,USD,0.9197,API_PRIMARY,2026-03-09 16:20:05
2026-01-28,EUR,USD,0.9272,API_PRIMARY,2026-03-09 16:20:05
2026-01-29,EUR,USD,0.912,API_PRIMARY,2026-03-09 16:20:05
2026-01-30,EUR,USD,0.9116,API_PRIMARY,2026-03-09 16:20:05
2026-01-31,EUR,USD,0.9197,API_PRIMARY,2026-03-09 16:20:05
2026-02-01,EUR,USD,0.9175,API_PRIMARY,2026-03-09 16:20:05
2026-02-02,EUR,USD,0.9073,API_PRIMARY,2026-03-09 16:20:05
2026-02-03,EUR,USD,0.9275,API_PRIMARY,2026-03-09 16:20:05
2026-02-04,EUR,USD,0.9278,API_PRIMARY,2026-03-09 16:20:05
2026-02-05,EUR,USD,0.9328,API_PRIMARY,2026-03-09 16:20:05
2026-02-06,EUR,USD,0.9311,API_PRIMARY,2026-03-09 16:20:05
2026-02-07,EUR,USD,0.9189,API_PRIMARY,2026-03-09 16:20:05
2026-02-08,EUR,USD,0.9359,API_PRIMARY,2026-03-09 16:20:05
2026-02-09,EUR,USD,0.9201,API_PRIMARY,2026-03-09 16:20:05
2026-02-10,EUR,USD,0.9385,API_PRIMARY,2026-03-09 16:20:05
2026-02-11,EUR,USD,0.9172,API_PRIMARY,2026-03-09 16:20:05
2026-02-12,EUR,USD,0.9202,API_PRIMARY,2026-03-09 16:20:05
2026-02-13,EUR,USD,0.909,API_PRIMARY,2026-03-09 16:20:05
2026-02-14,EUR,USD,0.909,,
2026-02-15,EUR,USD,0.9122,API_PRIMARY,2026-03-09 16:20:05
2026-02-16,EUR,USD,0.9176,API_PRIMARY,2026-03-09 16:20:05
2026-02-17,EUR,USD,0.9101,API_PRIMARY,2026-03-09 16:20:05
2026-02-18,EUR,USD,0.9186,API_PRIMARY,2026-03-09 16:20:05
2026-02-19,EUR,USD,0.9214,API_PRIMARY,2026-03-09 16:20:05
2026-02-20,EUR,USD,0.9235,API_PRIMARY,2026-03-09 16:20:05
2026-02-21,EUR,USD,0.9378,API_PRIMARY,2026-03-09 16:20:05
2026-02-22,EUR,USD,0.9162,API_PRIMARY,2026-03-09 16:20:05
2026-02-23,EUR,USD,0.9393,API_PRIMARY,2026-03-09 16:20:05
2026-02-24,EUR,USD,0.9414,API_PRIMARY,2026-03-09 16:20:05
2026-02-25,EUR,USD,0.9414,,
2026-02-26,EUR,USD,0.9337,API_PRIMARY,2026-03-09 16:20:05
2026-02-27,EUR,USD,0.9251,API_PRIMARY,2026-03-09 16:20:05
2026-02-28,EUR,USD,0.9248,API_PRIMARY,2026-03-09 16:20:05
2026-03-01,EUR,USD,0.9108,API_PRIMARY,2026-03-09 16:20:05
2026-03-02,EUR,USD,0.9375,API_PRIMARY,2026-03-09 16:20:05
2026-03-03,EUR,USD,0.9228,API_PRIMARY,2026-03-09 16:20:05
2026-03-04,EUR,USD,0.9057,API_PRIMARY,2026-03-09 16:20:05
2026-03-05,EUR,USD,0.9043,API_PRIMARY,2026-03-09 16:20:05
2026-03-06,EUR,USD,0.9251,API_PRIMARY,2026-03-09 16:20:05
2026-03-07,EUR,USD,0.9246,API_PRIMARY,2026-03-09 16:20:05
2026-03-08,EUR,USD,0.9018,API_PRIMARY,2026-03-09 16:20:05
2025-03-09,GBP,USD,0.7904,API_PRIMARY,2026-03-09 16:20:05
2025-03-10,GBP,USD,0.7904,,
2025-03-11,GBP,USD,0.7906,API_PRIMARY,2026-03-09 16:20:05
2025-03-12,GBP,USD,0.7815,API_PRIMARY,2026-03-09 16:20:05
2025-03-13,GBP,USD,0.7953,API_PRIMARY,2026-03-09 16:20:05
2025-03-14,GBP,USD,0.7993,API_PRIMARY,2026-03-09 16:20:05
2025-03-15,GBP,USD,0.7827,API_PRIMARY,2026-03-09 16:20:05
2025-03-16,GBP,USD,0.7918,API_PRIMARY,2026-03-09 16:20:05
2025-03-17,GBP,USD,0.7786,API_PRIMARY,2026-03-09 16:20:05
2025-03-18,GBP,USD,0.768,API_PRIMARY,2026-03-09 16:20:05
2025-03-19,GBP,USD,0.7811,API_PRIMARY,2026-03-09 16:20:05
2025-03-20,GBP,USD,0.7882,API_PRIMARY,2026-03-09 16:20:05
2025-03-21,GBP,USD,0.7793,API_PRIMARY,2026-03-09 16:20:05
2025-03-22,GBP,USD,0.7912,API_PRIMARY,2026-03-09 16:20:05
2025-03-23,GBP,USD,0.7867,API_PRIMARY,2026-03-09 16:20:05
2025-03-24,GBP,USD,0.7931,API_PRIMARY,2026-03-09 16:20:05
2025-03-25,GBP,USD,0.7933,API_PRIMARY,2026-03-09 16:20:05
2025-03-26,GBP,USD,0.7947,API_PRIMARY,2026-03-09 16:20:05
2025-03-27,GBP,USD,0.8022,API_PRIMARY,2026-03-09 16:20:05
2025-03-28,GBP,USD,0.7963,API_PRIMARY,2026-03-09 16:20:05
2025-03-29,GBP,USD,0.7963,,
2025-03-30,GBP,USD,0.7963,API_PRIMARY,2026-03-09 16:20:05
2025-03-31,GBP,USD,0.7921,API_PRIMARY,2026-03-09 16:20:05
2025-04-01,GBP,USD,0.79,API_PRIMARY,2026-03-09 16:20:05
2025-04-02,GBP,USD,0.7844,API_PRIMARY,2026-03-09 16:20:05
2025-04-03,GBP,USD,0.7933,API_PRIMARY,2026-03-09 16:20:05
2025-04-04,GBP,USD,0.7848,API_PRIMARY,2026-03-09 16:20:05
2025-04-05,GBP,USD,0.7953,API_PRIMARY,2026-03-09 16:20:05
2025-04-06,GBP,USD,0.7837,API_PRIMARY,2026-03-09 16:20:05
2025-04-07,GBP,USD,0.7809,API_PRIMARY,2026-03-09 16:20:05
2025-04-08,GBP,USD,0.7789,API_PRIMARY,2026-03-09 16:20:05
2025-04-09,GBP,USD,0.7848,API_PRIMARY,2026-03-09 16:20:05
2025-04-10,GBP,USD,0.7932,API_PRIMARY,2026-03-09 16:20:05
2025-04-11,GBP,USD,0.795,API_PRIMARY,2026-03-09 16:20:05
2025-04-12,GBP,USD,0.7911,API_PRIMARY,2026-03-09 16:20:05
2025-04-13,GBP,USD,0.7748,API_PRIMARY,2026-03-09 16:20:05
2025-04-14,GBP,USD,0.7824,API_PRIMARY,2026-03-09 16:20:05
2025-04-15,GBP,USD,0.7845,API_PRIMARY,2026-03-09 16:20:05
2025-04-16,GBP,USD,0.7854,API_PRIMARY,2026-03-09 16:20:05
2025-04-17,GBP,USD,0.7878,API_PRIMARY,2026-03-09 16:20:05
2025-04-18,GBP,USD,0.7887,API_PRIMARY,2026-03-09 16:20:05
2025-04-19,GBP,USD,0.8013,API_PRIMARY,2026-03-09 16:20:05
2025-04-20,GBP,USD,0.7872,API_PRIMARY,2026-03-09 16:20:05
2025-04-21,GBP,USD,0.7894,API_PRIMARY,2026-03-09 16:20:05
2025-04-22,GBP,USD,0.8027,API_PRIMARY,2026-03-09 16:20:05
2025-04-23,GBP,USD,0.7907,API_PRIMARY,2026-03-09 16:20:05
2025-04-24,GBP,USD,0.7886,API_PRIMARY,2026-03-09 16:20:05
2025-04-25,GBP,USD,0.7893,API_PRIMARY,2026-03-09 16:20:05
2025-04-26,GBP,USD,0.7997,API_PRIMARY,2026-03-09 16:20:05
2025-04-27,GBP,USD,0.7887,API_PRIMARY,2026-03-09 16:20:05
2025-04-28,GBP,USD,0.7934,API_PRIMARY,2026-03-09 16:20:05
2025-04-29,GBP,USD,0.7874,API_PRIMARY,2026-03-09 16:20:05
2025-04-30,GBP,USD,0.7918,API_PRIMARY,2026-03-09 16:20:05
2025-05-01,GBP,USD,0.7758,API_PRIMARY,2026-03-09 16:20:05
2025-05-02,GBP,USD,0.7785,API_PRIMARY,2026-03-09 16:20:05
2025-05-03,GBP,USD,0.7795,API_PRIMARY,2026-03-09 16:20:05
2025-05-04,GBP,USD,0.7865,API_PRIMARY,2026-03-09 16:20:05
2025-05-05,GBP,USD,0.7894,API_PRIMARY,2026-03-09 16:20:05
2025-05-06,GBP,USD,0.7778,API_PRIMARY,2026-03-09 16:20:05
2025-05-07,GBP,USD,0.7988,API_PRIMARY,2026-03-09 16:20:05
2025-05-08,GBP,USD,0.7946,API_PRIMARY,2026-03-09 16:20:05
2025-05-09,GBP,USD,0.7925,API_PRIMARY,2026-03-09 16:20:05
2025-05-10,GBP,USD,0.7905,API_PRIMARY,2026-03-09 16:20:05
2025-05-11,GBP,USD,0.7905,,
2025-05-12,GBP,USD,0.7857,API_PRIMARY,2026-03-09 16:20:05
2025-05-13,GBP,USD,0.7857,API_PRIMARY,2026-03-09 16:20:05
2025-05-14,GBP,USD,0.7981,API_PRIMARY,2026-03-09 16:20:05
2025-05-15,GBP,USD,0.77,API_PRIMARY,2026-03-09 16:20:05
2025-05-16,GBP,USD,0.7953,API_PRIMARY,2026-03-09 16:20:05
2025-05-17,GBP,USD,0.8022,API_PRIMARY,2026-03-09 16:20:05
2025-05-18,GBP,USD,0.7806,API_PRIMARY,2026-03-09 16:20:05
2025-05-19,GBP,USD,0.7808,API_PRIMARY,2026-03-09 16:20:05
2025-05-20,GBP,USD,0.7926,API_PRIMARY,2026-03-09 16:20:05
2025-05-21,GBP,USD,0.7807,API_PRIMARY,2026-03-09 16:20:05
2025-05-22,GBP,USD,0.788,API_PRIMARY,2026-03-09 16:20:05
2025-05-23,GBP,USD,0.7856,API_PRIMARY,2026-03-09 16:20:05
2025-05-24,GBP,USD,0.7818,API_PRIMARY,2026-03-09 16:20:05
2025-05-25,GBP,USD,0.7857,API_PRIMARY,2026-03-09 16:20:05
2025-05-26,GBP,USD,0.7888,API_PRIMARY,2026-03-09 16:20:05
2025-05-27,GBP,USD,0.7919,API_PRIMARY,2026-03-09 16:20:05
2025-05-28,GBP,USD,0.7944,API_PRIMARY,2026-03-09 16:20:05
2025-05-29,GBP,USD,0.7757,API_PRIMARY,2026-03-09 16:20:05
2025-05-30,GBP,USD,0.7815,API_PRIMARY,2026-03-09 16:20:05
2025-05-31,GBP,USD,0.7795,API_PRIMARY,2026-03-09 16:20:05
2025-06-01,GBP,USD,0.7981,API_PRIMARY,2026-03-09 16:20:05
2025-06-02,GBP,USD,0.7943,API_PRIMARY,2026-03-09 16:20:05
2025-06-03,GBP,USD,0.7943,API_PRIMARY,2026-03-09 16:20:05
2025-06-04,GBP,USD,0.788,API_PRIMARY,2026-03-09 16:20:05
2025-06-05,GBP,USD,0.788,,
2025-06-06,GBP,USD,0.7873,API_PRIMARY,2026-03-09 16:20:05
2025-06-07,GBP,USD,0.7905,API_PRIMARY,2026-03-09 16:20:05
2025-06-08,GBP,USD,0.7757,API_PRIMARY,2026-03-09 16:20:05
2025-06-09,GBP,USD,0.7954,API_PRIMARY,2026-03-09 16:20:05
2025-06-10,GBP,USD,0.7717,API_PRIMARY,2026-03-09 16:20:05
2025-06-11,GBP,USD,0.7903,API_PRIMARY,2026-03-09 16:20:05
2025-06-12,GBP,USD,0.7983,API_PRIMARY,2026-03-09 16:20:05
2025-06-13,GBP,USD,0.8017,API_PRIMARY,2026-03-09 16:20:05
2025-06-14,GBP,USD,0.7843,API_PRIMARY,2026-03-09 16:20:05
2025-06-15,GBP,USD,0.788,API_PRIMARY,2026-03-09 16:20:05
2025-06-16,GBP,USD,0.7875,API_PRIMARY,2026-03-09 16:20:05
2025-06-17,GBP,USD,0.7911,API_PRIMARY,2026-03-09 16:20:05
2025-06-18,GBP,USD,0.7911,,
2025-06-19,GBP,USD,0.8062,API_PRIMARY,2026-03-09 16:20:05
2025-06-20,GBP,USD,0.8062,API_PRIMARY,2026-03-09 16:20:05
2025-06-21,GBP,USD,0.7877,API_PRIMARY,2026-03-09 16:20:05
2025-06-22,GBP,USD,0.789,API_PRIMARY,2026-03-09 16:20:05
2025-06-23,GBP,USD,0.7827,API_PRIMARY,2026-03-09 16:20:05
2025-06-24,GBP,USD,0.7951,API_PRIMARY,2026-03-09 16:20:05
2025-06-25,GBP,USD,0.7912,API_PRIMARY,2026-03-09 16:20:05
2025-06-26,GBP,USD,0.7912,,
2025-06-27,GBP,USD,0.7866,API_PRIMARY,2026-03-09 16:20:05
2025-06-28,GBP,USD,0.7965,API_PRIMARY,2026-03-09 16:20:05
2025-06-29,GBP,USD,0.7813,API_PRIMARY,2026-03-09 16:20:05
2025-06-30,GBP,USD,0.7959,API_PRIMARY,2026-03-09 16:20:05
2025-07-01,GBP,USD,0.785,API_PRIMARY,2026-03-09 16:20:05
2025-07-02,GBP,USD,0.7913,API_PRIMARY,2026-03-09 16:20:05
2025-07-03,GBP,USD,0.7879,API_PRIMARY,2026-03-09 16:20:05
2025-07-04,GBP,USD,0.7921,API_PRIMARY,2026-03-09 16:20:05
2025-07-05,GBP,USD,0.7897,API_PRIMARY,2026-03-09 16:20:05
2025-07-06,GBP,USD,0.7921,API_PRIMARY,2026-03-09 16:20:05
2025-07-07,GBP,USD,0.8022,API_PRIMARY,2026-03-09 16:20:05
2025-07-08,GBP,USD,0.7995,API_PRIMARY,2026-03-09 16:20:05
2025-07-09,GBP,USD,0.7909,API_PRIMARY,2026-03-09 16:20:05
2025-07-10,GBP,USD,0.7867,API_PRIMARY,2026-03-09 16:20:05
2025-07-11,GBP,USD,0.786,API_PRIMARY,2026-03-09 16:20:05
2025-07-12,GBP,USD,0.7788,API_PRIMARY,2026-03-09 16:20:05
2025-07-13,GBP,USD,0.7892,API_PRIMARY,2026-03-09 16:20:05
2025-07-14,GBP,USD,0.7941,API_PRIMARY,2026-03-09 16:20:05
2025-07-15,GBP,USD,0.7946,API_PRIMARY,2026-03-09 16:20:05
2025-07-16,GBP,USD,0.8135,API_PRIMARY,2026-03-09 16:20:05
2025-07-17,GBP,USD,0.8007,API_PRIMARY,2026-03-09 16:20:05
2025-07-18,GBP,USD,0.809,API_PRIMARY,2026-03-09 16:20:05
2025-07-19,GBP,USD,0.7824,API_PRIMARY,2026-03-09 16:20:05
2025-07-20,GBP,USD,0.7902,API_PRIMARY,2026-03-09 16:20:05
2025-07-21,GBP,USD,0.7998,API_PRIMARY,2026-03-09 16:20:05
2025-07-22,GBP,USD,0.7945,API_PRIMARY,2026-03-09 16:20:05
2025-07-23,GBP,USD,0.7921,API_PRIMARY,2026-03-09 16:20:05
2025-07-24,GBP,USD,0.7858,API_PRIMARY,2026-03-09 16:20:05
2025-07-25,GBP,USD,0.8044,API_PRIMARY,2026-03-09 16:20:05
2025-07-26,GBP,USD,0.7894,API_PRIMARY,2026-03-09 16:20:05
2025-07-27,GBP,USD,0.7764,API_PRIMARY,2026-03-09 16:20:05
2025-07-28,GBP,USD,0.7872,API_PRIMARY,2026-03-09 16:20:05
2025-07-29,GBP,USD,0.7636,API_PRIMARY,2026-03-09 16:20:05
2025-07-30,GBP,USD,0.785,API_PRIMARY,2026-03-09 16:20:05
2025-07-31,GBP,USD,0.7931,API_PRIMARY,2026-03-09 16:20:05
2025-08-01,GBP,USD,0.7868,API_PRIMARY,2026-03-09 16:20:05
2025-08-02,GBP,USD,0.795,API_PRIMARY,2026-03-09 16:20:05
2025-08-03,GBP,USD,0.7971,API_PRIMARY,2026-03-09 16:20:05
2025-08-04,GBP,USD,0.7804,API_PRIMARY,2026-03-09 16:20:05
2025-08-05,GBP,USD,0.7902,API_PRIMARY,2026-03-09 16:20:05
2025-08-06,GBP,USD,0.7867,API_PRIMARY,2026-03-09 16:20:05
2025-08-07,GBP,USD,0.7828,API_PRIMARY,2026-03-09 16:20:05
2025-08-08,GBP,USD,0.7748,API_PRIMARY,2026-03-09 16:20:05
2025-08-09,GBP,USD,0.8087,API_PRIMARY,2026-03-09 16:20:05
2025-08-10,GBP,USD,0.7839,API_PRIMARY,2026-03-09 16:20:05
2025-08-11,GBP,USD,0.7909,API_PRIMARY,2026-03-09 16:20:05
2025-08-12,GBP,USD,0.7902,API_PRIMARY,2026-03-09 16:20:05
2025-08-13,GBP,USD,0.7872,API_PRIMARY,2026-03-09 16:20:05
2025-08-14,GBP,USD,0.7925,API_PRIMARY,2026-03-09 16:20:05
2025-08-15,GBP,USD,0.7848,API_PRIMARY,2026-03-09 16:20:05
2025-08-16,GBP,USD,0.7834,API_PRIMARY,2026-03-09 16:20:05
2025-08-17,GBP,USD,0.7879,API_PRIMARY,2026-03-09 16:20:05
2025-08-18,GBP,USD,0.7908,API_PRIMARY,2026-03-09 16:20:05
2025-08-19,GBP,USD,0.8034,API_PRIMARY,2026-03-09 16:20:05
2025-08-20,GBP,USD,0.7808,API_PRIMARY,2026-03-09 16:20:05
2025-08-21,GBP,USD,0.7823,API_PRIMARY,2026-03-09 16:20:05
2025-08-22,GBP,USD,0.7885,API_PRIMARY,2026-03-09 16:20:05
2025-08-23,GBP,USD,0.7983,API_PRIMARY,2026-03-09 16:20:05
2025-08-24,GBP,USD,0.7852,API_PRIMARY,2026-03-09 16:20:05
2025-08-25,GBP,USD,0.7826,API_PRIMARY,2026-03-09 16:20:05
2025-08-26,GBP,USD,0.7837,API_PRIMARY,2026-03-09 16:20:05
2025-08-27,GBP,USD,0.7711,API_PRIMARY,2026-03-09 16:20:05
2025-08-28,GBP,USD,0.7951,API_PRIMARY,2026-03-09 16:20:05
2025-08-29,GBP,USD,0.791,API_PRIMARY,2026-03-09 16:20:05
2025-08-30,GBP,USD,0.7873,API_PRIMARY,2026-03-09 16:20:05
2025-08-31,GBP,USD,0.7834,API_PRIMARY,2026-03-09 16:20:05
2025-09-01,GBP,USD,0.7816,API_PRIMARY,2026-03-09 16:20:05
2025-09-02,GBP,USD,0.7921,API_PRIMARY,2026-03-09 16:20:05
2025-09-03,GBP,USD,0.788,API_PRIMARY,2026-03-09 16:20:05
2025-09-04,GBP,USD,0.7793,API_PRIMARY,2026-03-09 16:20:05
2025-09-05,GBP,USD,0.7963,API_PRIMARY,2026-03-09 16:20:05
2025-09-06,GBP,USD,0.8014,API_PRIMARY,2026-03-09 16:20:05
2025-09-07,GBP,USD,0.7858,API_PRIMARY,2026-03-09 16:20:05
2025-09-08,GBP,USD,0.7791,API_PRIMARY,2026-03-09 16:20:05
2025-09-09,GBP,USD,0.7739,API_PRIMARY,2026-03-09 16:20:05
2025-09-10,GBP,USD,0.7868,API_PRIMARY,2026-03-09 16:20:05
2025-09-11,GBP,USD,0.8009,API_PRIMARY,2026-03-09 16:20:05
2025-09-12,GBP,USD,0.7906,API_PRIMARY,2026-03-09 16:20:05
2025-09-13,GBP,USD,0.7784,API_PRIMARY,2026-03-09 16:20:05
2025-09-14,GBP,USD,0.7858,API_PRIMARY,2026-03-09 16:20:05
2025-09-15,GBP,USD,0.803,API_PRIMARY,2026-03-09 16:20:05
2025-09-16,GBP,USD,0.7816,API_PRIMARY,2026-03-09 16:20:05
2025-09-17,GBP,USD,0.7816,API_PRIMARY,2026-03-09 16:20:05
2025-09-18,GBP,USD,0.7876,API_PRIMARY,2026-03-09 16:20:05
2025-09-19,GBP,USD,0.7873,API_PRIMARY,2026-03-09 16:20:05
2025-09-20,GBP,USD,0.7805,API_PRIMARY,2026-03-09 16:20:05
2025-09-21,GBP,USD,0.7852,API_PRIMARY,2026-03-09 16:20:05
2025-09-22,GBP,USD,0.79,API_PRIMARY,2026-03-09 16:20:05
2025-09-23,GBP,USD,0.7909,API_PRIMARY,2026-03-09 16:20:05
2025-09-24,GBP,USD,0.7903,API_PRIMARY,2026-03-09 16:20:05
2025-09-25,GBP,USD,0.7872,API_PRIMARY,2026-03-09 16:20:05
2025-09-26,GBP,USD,0.7908,API_PRIMARY,2026-03-09 16:20:05
2025-09-27,GBP,USD,0.7858,API_PRIMARY,2026-03-09 16:20:05
2025-09-28,GBP,USD,0.7875,API_PRIMARY,2026-03-09 16:20:05
2025-09-29,GBP,USD,0.8015,API_PRIMARY,2026-03-09 16:20:05
2025-09-30,GBP,USD,0.7898,API_PRIMARY,2026-03-09 16:20:05
2025-10-01,GBP,USD,0.7941,API_PRIMARY,2026-03-09 16:20:05
2025-10-02,GBP,USD,0.7854,API_PRIMARY,2026-03-09 16:20:05
2025-10-03,GBP,USD,0.7929,API_PRIMARY,2026-03-09 16:20:05
2025-10-04,GBP,USD,0.7885,API_PRIMARY,2026-03-09 16:20:05
2025-10-05,GBP,USD,0.7832,API_PRIMARY,2026-03-09 16:20:05
2025-10-06,GBP,USD,0.7873,API_PRIMARY,2026-03-09 16:20:05
2025-10-07,GBP,USD,0.7969,API_PRIMARY,2026-03-09 16:20:05
2025-10-08,GBP,USD,0.7883,API_PRIMARY,2026-03-09 16:20:05
2025-10-09,GBP,USD,0.7842,API_PRIMARY,2026-03-09 16:20:05
2025-10-10,GBP,USD,0.7982,API_PRIMARY,2026-03-09 16:20:05
2025-10-11,GBP,USD,0.7955,API_PRIMARY,2026-03-09 16:20:05
2025-10-12,GBP,USD,0.8096,API_PRIMARY,2026-03-09 16:20:05
2025-10-13,GBP,USD,0.8053,API_PRIMARY,2026-03-09 16:20:05
2025-10-14,GBP,USD,0.7967,API_PRIMARY,2026-03-09 16:20:05
2025-10-15,GBP,USD,0.7893,API_PRIMARY,2026-03-09 16:20:05
2025-10-16,GBP,USD,0.7756,API_PRIMARY,2026-03-09 16:20:05
2025-10-17,GBP,USD,0.7863,API_PRIMARY,2026-03-09 16:20:05
2025-10-18,GBP,USD,0.7922,API_PRIMARY,2026-03-09 16:20:05
2025-10-19,GBP,USD,0.79,API_PRIMARY,2026-03-09 16:20:05
2025-10-20,GBP,USD,0.7943,API_PRIMARY,2026-03-09 16:20:05
2025-10-21,GBP,USD,0.7746,API_PRIMARY,2026-03-09 16:20:05
2025-10-22,GBP,USD,0.7868,API_PRIMARY,2026-03-09 16:20:05
2025-10-23,GBP,USD,0.7969,API_PRIMARY,2026-03-09 16:20:05
2025-10-24,GBP,USD,0.7874,API_PRIMARY,2026-03-09 16:20:05
2025-10-25,GBP,USD,0.7777,API_PRIMARY,2026-03-09 16:20:05
2025-10-26,GBP,USD,0.7898,API_PRIMARY,2026-03-09 16:20:05
2025-10-27,GBP,USD,0.7848,API_PRIMARY,2026-03-09 16:20:05
2025-10-28,GBP,USD,0.795,API_PRIMARY,2026-03-09 16:20:05
2025-10-29,GBP,USD,0.7987,API_PRIMARY,2026-03-09 16:20:05
2025-10-30,GBP,USD,0.7936,API_PRIMARY,2026-03-09 16:20:05
2025-10-31,GBP,USD,0.7935,API_PRIMARY,2026-03-09 16:20:05
2025-11-01,GBP,USD,0.7911,API_PRIMARY,2026-03-09 16:20:05
2025-11-02,GBP,USD,0.7715,API_PRIMARY,2026-03-09 16:20:05
2025-11-03,GBP,USD,0.7911,API_PRIMARY,2026-03-09 16:20:05
2025-11-04,GBP,USD,0.7686,API_PRIMARY,2026-03-09 16:20:05
2025-11-05,GBP,USD,0.7877,API_PRIMARY,2026-03-09 16:20:05
2025-11-06,GBP,USD,0.7815,API_PRIMARY,2026-03-09 16:20:05
2025-11-07,GBP,USD,0.7963,API_PRIMARY,2026-03-09 16:20:05
2025-11-08,GBP,USD,0.7893,API_PRIMARY,2026-03-09 16:20:05
2025-11-09,GBP,USD,0.7974,API_PRIMARY,2026-03-09 16:20:05
2025-11-10,GBP,USD,0.7835,API_PRIMARY,2026-03-09 16:20:05
2025-11-11,GBP,USD,0.7949,API_PRIMARY,2026-03-09 16:20:05
2025-11-12,GBP,USD,0.7926,API_PRIMARY,2026-03-09 16:20:05
2025-11-13,GBP,USD,0.7954,API_PRIMARY,2026-03-09 16:20:05
2025-11-14,GBP,USD,0.7929,API_PRIMARY,2026-03-09 16:20:05
2025-11-15,GBP,USD,0.7783,API_PRIMARY,2026-03-09 16:20:05
2025-11-16,GBP,USD,0.7987,API_PRIMARY,2026-03-09 16:20:05
2025-11-17,GBP,USD,0.7824,API_PRIMARY,2026-03-09 16:20:05
2025-11-18,GBP,USD,0.7965,API_PRIMARY,2026-03-09 16:20:05
2025-11-19,GBP,USD,0.7808,API_PRIMARY,2026-03-09 16:20:05
2025-11-20,GBP,USD,0.8116,API_PRIMARY,2026-03-09 16:20:05
2025-11-21,GBP,USD,0.7917,API_PRIMARY,2026-03-09 16:20:05
2025-11-22,GBP,USD,0.7856,API_PRIMARY,2026-03-09 16:20:05
2025-11-23,GBP,USD,0.7927,API_PRIMARY,2026-03-09 16:20:05
2025-11-24,GBP,USD,0.788,API_PRIMARY,2026-03-09 16:20:05
2025-11-25,GBP,USD,0.8008,API_PRIMARY,2026-03-09 16:20:05
2025-11-26,GBP,USD,0.7995,API_PRIMARY,2026-03-09 16:20:05
2025-11-27,GBP,USD,0.7957,API_PRIMARY,2026-03-09 16:20:05
2025-11-28,GBP,USD,0.7994,API_PRIMARY,2026-03-09 16:20:05
2025-11-29,GBP,USD,0.7883,API_PRIMARY,2026-03-09 16:20:05
2025-11-30,GBP,USD,0.7937,API_PRIMARY,2026-03-09 16:20:05
2025-12-01,GBP,USD,0.7865,API_PRIMARY,2026-03-09 16:20:05
2025-12-02,GBP,USD,0.796,API_PRIMARY,2026-03-09 16:20:05
2025-12-03,GBP,USD,0.7906,API_PRIMARY,2026-03-09 16:20:05
2025-12-04,GBP,USD,0.8126,API_PRIMARY,2026-03-09 16:20:05
2025-12-05,GBP,USD,0.7937,API_PRIMARY,2026-03-09 16:20:05
2025-12-06,GBP,USD,0.7967,API_PRIMARY,2026-03-09 16:20:05
2025-12-07,GBP,USD,0.7908,API_PRIMARY,2026-03-09 16:20:05
2025-12-08,GBP,USD,0.78,API_PRIMARY,2026-03-09 16:20:05
2025-12-09,GBP,USD,0.7825,API_PRIMARY,2026-03-09 16:20:05
2025-12-10,GBP,USD,0.7778,API_PRIMARY,2026-03-09 16:20:05
2025-12-11,GBP,USD,0.7778,API_PRIMARY,2026-03-09 16:20:05
2025-12-12,GBP,USD,0.788,API_PRIMARY,2026-03-09 16:20:05
2025-12-13,GBP,USD,0.7905,API_PRIMARY,2026-03-09 16:20:05
2025-12-14,GBP,USD,0.7965,API_PRIMARY,2026-03-09 16:20:05
2025-12-15,GBP,USD,0.7965,,
2025-12-16,GBP,USD,0.781,API_PRIMARY,2026-03-09 16:20:05
2025-12-17,GBP,USD,0.7899,API_PRIMARY,2026-03-09 16:20:05
2025-12-18,GBP,USD,0.7817,API_PRIMARY,2026-03-09 16:20:05
2025-12-19,GBP,USD,0.785,API_PRIMARY,2026-03-09 16:20:05
2025-12-20,GBP,USD,0.7895,API_PRIMARY,2026-03-09 16:20:05
2025-12-21,GBP,USD,0.7818,API_PRIMARY,2026-03-09 16:20:05
2025-12-22,GBP,USD,0.793,API_PRIMARY,2026-03-09 16:20:05
2025-12-23,GBP,USD,0.7922,API_PRIMARY,2026-03-09 16:20:05
2025-12-24,GBP,USD,0.7813,API_PRIMARY,2026-03-09 16:20:05
2025-12-25,GBP,USD,0.7943,API_PRIMARY,2026-03-09 16:20:05
2025-12-26,GBP,USD,0.7729,API_PRIMARY,2026-03-09 16:20:05
2025-12-27,GBP,USD,0.7922,API_PRIMARY,2026-03-09 16:20:05
2025-12-28,GBP,USD,0.7781,API_PRIMARY,2026-03-09 16:20:05
2025-12-29,GBP,USD,0.7761,API_PRIMARY,2026-03-09 16:20:05
2025-12-30,GBP,USD,0.7942,API_PRIMARY,2026-03-09 16:20:05
2025-12-31,GBP,USD,0.7916,API_PRIMARY,2026-03-09 16:20:05
2026-01-01,GBP,USD,0.7871,API_PRIMARY,2026-03-09 16:20:05
2026-01-02,GBP,USD,0.7884,API_PRIMARY,2026-03-09 16:20:05
2026-01-03,GBP,USD,0.7938,API_PRIMARY,2026-03-09 16:20:05
2026-01-04,GBP,USD,0.7894,API_PRIMARY,2026-03-09 16:20:05
2026-01-05,GBP,USD,0.7897,API_PRIMARY,2026-03-09 16:20:05
2026-01-06,GBP,USD,0.7871,API_PRIMARY,2026-03-09 16:20:05
2026-01-07,GBP,USD,0.7809,API_PRIMARY,2026-03-09 16:20:05
2026-01-08,GBP,USD,0.8006,API_PRIMARY,2026-03-09 16:20:05
2026-01-09,GBP,USD,0.7853,API_PRIMARY,2026-03-09 16:20:05
2026-01-10,GBP,USD,0.7938,API_PRIMARY,2026-03-09 16:20:05
2026-01-11,GBP,USD,0.7889,API_PRIMARY,2026-03-09 16:20:05
2026-01-12,GBP,USD,0.7726,API_PRIMARY,2026-03-09 16:20:05
2026-01-13,GBP,USD,0.7869,API_PRIMARY,2026-03-09 16:20:05
2026-01-14,GBP,USD,0.7782,API_PRIMARY,2026-03-09 16:20:05
2026-01-15,GBP,USD,0.7795,API_PRIMARY,2026-03-09 16:20:05
2026-01-16,GBP,USD,0.7795,API_PRIMARY,2026-03-09 16:20:05
2026-01-17,GBP,USD,0.7938,API_PRIMARY,2026-03-09 16:20:05
2026-01-18,GBP,USD,0.7902,API_PRIMARY,2026-03-09 16:20:05
2026-01-19,GBP,USD,0.7984,API_PRIMARY,2026-03-09 16:20:05
2026-01-20,GBP,USD,0.804,API_PRIMARY,2026-03-09 16:20:05
2026-01-21,GBP,USD,0.787,API_PRIMARY,2026-03-09 16:20:05
2026-01-22,GBP,USD,0.8022,API_PRIMARY,2026-03-09 16:20:05
2026-01-23,GBP,USD,0.7863,API_PRIMARY,2026-03-09 16:20:05
2026-01-24,GBP,USD,0.7964,API_PRIMARY,2026-03-09 16:20:05
2026-01-25,GBP,USD,0.8005,API_PRIMARY,2026-03-09 16:20:05
2026-01-26,GBP,USD,0.7888,API_PRIMARY,2026-03-09 16:20:05
2026-01-27,GBP,USD,0.7765,API_PRIMARY,2026-03-09 16:20:05
2026-01-28,GBP,USD,0.7886,API_PRIMARY,2026-03-09 16:20:05
2026-01-29,GBP,USD,0.8061,API_PRIMARY,2026-03-09 16:20:05
2026-01-30,GBP,USD,0.8021,API_PRIMARY,2026-03-09 16:20:05
2026-01-31,GBP,USD,0.7969,API_PRIMARY,2026-03-09 16:20:05
2026-02-01,GBP,USD,0.7891,API_PRIMARY,2026-03-09 16:20:05
2026-02-02,GBP,USD,0.7821,API_PRIMARY,2026-03-09 16:20:05
2026-02-03,GBP,USD,0.7976,API_PRIMARY,2026-03-09 16:20:05
2026-02-04,GBP,USD,0.7976,,
2026-02-05,GBP,USD,0.8047,API_PRIMARY,2026-03-09 16:20:05
2026-02-06,GBP,USD,0.7917,API_PRIMARY,2026-03-09 16:20:05
2026-02-07,GBP,USD,0.7889,API_PRIMARY,2026-03-09 16:20:05
2026-02-08,GBP,USD,0.7963,API_PRIMARY,2026-03-09 16:20:05
2026-02-09,GBP,USD,0.7885,API_PRIMARY,2026-03-09 16:20:05
2026-02-10,GBP,USD,0.7837,API_PRIMARY,2026-03-09 16:20:05
2026-02-11,GBP,USD,0.7935,API_PRIMARY,2026-03-09 16:20:05
2026-02-12,GBP,USD,0.7857,API_PRIMARY,2026-03-09 16:20:05
2026-02-13,GBP,USD,0.7905,API_PRIMARY,2026-03-09 16:20:05
2026-02-14,GBP,USD,0.7966,API_PRIMARY,2026-03-09 16:20:05
2026-02-15,GBP,USD,0.7966,API_PRIMARY,2026-03-09 16:20:05
2026-02-16,GBP,USD,0.7971,API_PRIMARY,2026-03-09 16:20:05
2026-02-17,GBP,USD,0.7898,API_PRIMARY,2026-03-09 16:20:05
2026-02-18,GBP,USD,0.7875,API_PRIMARY,2026-03-09 16:20:05
2026-02-19,GBP,USD,0.8014,API_PRIMARY,2026-03-09 16:20:05
2026-02-20,GBP,USD,0.8073,API_PRIMARY,2026-03-09 16:20:05
2026-02-21,GBP,USD,0.7902,API_PRIMARY,2026-03-09 16:20:05
2026-02-22,GBP,USD,0.7997,API_PRIMARY,2026-03-09 16:20:05
2026-02-23,GBP,USD,0.7811,API_PRIMARY,2026-03-09 16:20:05
2026-02-24,GBP,USD,0.7924,API_PRIMARY,2026-03-09 16:20:05
2026-02-25,GBP,USD,0.7913,API_PRIMARY,2026-03-09 16:20:05
2026-02-26,GBP,USD,0.778,API_PRIMARY,2026-03-09 16:20:05
2026-02-27,GBP,USD,0.8128,API_PRIMARY,2026-03-09 16:20:05
2026-02-28,GBP,USD,0.7938,API_PRIMARY,2026-03-09 16:20:05
2026-03-01,GBP,USD,0.8069,API_PRIMARY,2026-03-09 16:20:05
2026-03-02,GBP,USD,0.7913,API_PRIMARY,2026-03-09 16:20:05
2026-03-03,GBP,USD,0.7847,API_PRIMARY,2026-03-09 16:20:05
2026-03-04,GBP,USD,0.7889,API_PRIMARY,2026-03-09 16:20:05
2026-03-05,GBP,USD,0.7855,API_PRIMARY,2026-03-09 16:20:05
2026-03-06,GBP,USD,0.7949,API_PRIMARY,2026-03-09 16:20:05
2026-03-07,GBP,USD,0.7936,API_PRIMARY,2026-03-09 16:20:05
2026-03-08,GBP,USD,0.7768,API_PRIMARY,2026-03-09 16:20:05
2025-03-09,INR,USD,85.0175,API_PRIMARY,2026-03-09 16:20:05
2025-03-10,INR,USD,82.9465,API_PRIMARY,2026-03-09 16:20:05
2025-03-11,INR,USD,82.154,API_PRIMARY,2026-03-09 16:20:05
2025-03-12,INR,USD,83.2739,API_PRIMARY,2026-03-09 16:20:05
2025-03-13,INR,USD,83.8346,API_PRIMARY,2026-03-09 16:20:05
2025-03-14,INR,USD,83.0368,API_PRIMARY,2026-03-09 16:20:05
2025-03-15,INR,USD,85.503,API_PRIMARY,2026-03-09 16:20:05
2025-03-16,INR,USD,82.7808,API_PRIMARY,2026-03-09 16:20:05
2025-03-17,INR,USD,82.9522,API_PRIMARY,2026-03-09 16:20:05
2025-03-18,INR,USD,81.7838,API_PRIMARY,2026-03-09 16:20:05
2025-03-19,INR,USD,83.0287,API_PRIMARY,2026-03-09 16:20:05
2025-03-20,INR,USD,84.0864,API_PRIMARY,2026-03-09 16:20:05
2025-03-21,INR,USD,81.8109,API_PRIMARY,2026-03-09 16:20:05
2025-03-22,INR,USD,82.8103,API_PRIMARY,2026-03-09 16:20:05
2025-03-23,INR,USD,82.6472,API_PRIMARY,2026-03-09 16:20:05
2025-03-24,INR,USD,82.734,API_PRIMARY,2026-03-09 16:20:05
2025-03-25,INR,USD,82.2044,API_PRIMARY,2026-03-09 16:20:05
2025-03-26,INR,USD,83.2886,API_PRIMARY,2026-03-09 16:20:05
2025-03-27,INR,USD,84.0922,API_PRIMARY,2026-03-09 16:20:05
2025-03-28,INR,USD,84.9278,API_PRIMARY,2026-03-09 16:20:05
2025-03-29,INR,USD,82.7706,API_PRIMARY,2026-03-09 16:20:05
2025-03-30,INR,USD,82.24,API_PRIMARY,2026-03-09 16:20:05
2025-03-31,INR,USD,82.9723,API_PRIMARY,2026-03-09 16:20:05
2025-04-01,INR,USD,82.2459,API_PRIMARY,2026-03-09 16:20:05
2025-04-02,INR,USD,82.3338,API_PRIMARY,2026-03-09 16:20:05
2025-04-03,INR,USD,83.4435,API_PRIMARY,2026-03-09 16:20:05
2025-04-04,INR,USD,82.9777,API_PRIMARY,2026-03-09 16:20:05
2025-04-05,INR,USD,82.7581,API_PRIMARY,2026-03-09 16:20:05
2025-04-06,INR,USD,82.5191,API_PRIMARY,2026-03-09 16:20:05
2025-04-07,INR,USD,82.5191,API_PRIMARY,2026-03-09 16:20:05
2025-04-08,INR,USD,82.6575,API_PRIMARY,2026-03-09 16:20:05
2025-04-09,INR,USD,82.6944,API_PRIMARY,2026-03-09 16:20:05
2025-04-10,INR,USD,83.0427,API_PRIMARY,2026-03-09 16:20:05
2025-04-11,INR,USD,82.477,API_PRIMARY,2026-03-09 16:20:05
2025-04-12,INR,USD,82.025,API_PRIMARY,2026-03-09 16:20:05
2025-04-13,INR,USD,82.8425,API_PRIMARY,2026-03-09 16:20:05
2025-04-14,INR,USD,83.4385,API_PRIMARY,2026-03-09 16:20:05
2025-04-15,INR,USD,83.2557,API_PRIMARY,2026-03-09 16:20:05
2025-04-16,INR,USD,83.2523,API_PRIMARY,2026-03-09 16:20:05
2025-04-17,INR,USD,83.0165,API_PRIMARY,2026-03-09 16:20:05
2025-04-18,INR,USD,83.2304,API_PRIMARY,2026-03-09 16:20:05
2025-04-19,INR,USD,82.7338,API_PRIMARY,2026-03-09 16:20:05
2025-04-20,INR,USD,81.2788,API_PRIMARY,2026-03-09 16:20:05
2025-04-21,INR,USD,81.319,API_PRIMARY,2026-03-09 16:20:05
2025-04-22,INR,USD,82.0156,API_PRIMARY,2026-03-09 16:20:05
2025-04-23,INR,USD,83.3961,API_PRIMARY,2026-03-09 16:20:05
2025-04-24,INR,USD,82.6506,API_PRIMARY,2026-03-09 16:20:05
2025-04-25,INR,USD,82.6506,,
2025-04-26,INR,USD,83.3441,API_PRIMARY,2026-03-09 16:20:05
2025-04-27,INR,USD,82.3609,API_PRIMARY,2026-03-09 16:20:05
2025-04-28,INR,USD,82.3609,,
2025-04-29,INR,USD,82.7539,API_PRIMARY,2026-03-09 16:20:05
2025-04-30,INR,USD,82.7539,,
2025-05-01,INR,USD,81.8965,API_PRIMARY,2026-03-09 16:20:05
2025-05-02,INR,USD,82.8772,API_PRIMARY,2026-03-09 16:20:05
2025-05-03,INR,USD,82.8776,API_PRIMARY,2026-03-09 16:20:05
2025-05-04,INR,USD,83.188,API_PRIMARY,2026-03-09 16:20:05
2025-05-05,INR,USD,84.3469,API_PRIMARY,2026-03-09 16:20:05
2025-05-06,INR,USD,83.2324,API_PRIMARY,2026-03-09 16:20:05
2025-05-07,INR,USD,83.3464,API_PRIMARY,2026-03-09 16:20:05
2025-05-08,INR,USD,82.4213,API_PRIMARY,2026-03-09 16:20:05
2025-05-09,INR,USD,82.5498,API_PRIMARY,2026-03-09 16:20:05
2025-05-10,INR,USD,83.7519,API_PRIMARY,2026-03-09 16:20:05
2025-05-11,INR,USD,84.5731,API_PRIMARY,2026-03-09 16:20:05
2025-05-12,INR,USD,83.4366,API_PRIMARY,2026-03-09 16:20:05
2025-05-13,INR,USD,83.8571,API_PRIMARY,2026-03-09 16:20:05
2025-05-14,INR,USD,82.3752,API_PRIMARY,2026-03-09 16:20:05
2025-05-15,INR,USD,82.5449,API_PRIMARY,2026-03-09 16:20:05
2025-05-16,INR,USD,83.1677,API_PRIMARY,2026-03-09 16:20:05
2025-05-17,INR,USD,83.0789,API_PRIMARY,2026-03-09 16:20:05
2025-05-18,INR,USD,84.5379,API_PRIMARY,2026-03-09 16:20:05
2025-05-19,INR,USD,82.6558,API_PRIMARY,2026-03-09 16:20:05
2025-05-20,INR,USD,83.1546,API_PRIMARY,2026-03-09 16:20:05
2025-05-21,INR,USD,81.853,API_PRIMARY,2026-03-09 16:20:05
2025-05-22,INR,USD,81.7373,API_PRIMARY,2026-03-09 16:20:05
2025-05-23,INR,USD,81.2535,API_PRIMARY,2026-03-09 16:20:05
2025-05-24,INR,USD,82.6831,API_PRIMARY,2026-03-09 16:20:05
2025-05-25,INR,USD,83.73,API_PRIMARY,2026-03-09 16:20:05
2025-05-26,INR,USD,81.4991,API_PRIMARY,2026-03-09 16:20:05
2025-05-27,INR,USD,83.6082,API_PRIMARY,2026-03-09 16:20:05
2025-05-28,INR,USD,83.6082,,
2025-05-29,INR,USD,83.2173,API_PRIMARY,2026-03-09 16:20:05
2025-05-30,INR,USD,82.8549,API_PRIMARY,2026-03-09 16:20:05
2025-05-31,INR,USD,83.3979,API_PRIMARY,2026-03-09 16:20:05
2025-06-01,INR,USD,83.3979,,
2025-06-02,INR,USD,82.4883,API_PRIMARY,2026-03-09 16:20:05
2025-06-03,INR,USD,81.7688,API_PRIMARY,2026-03-09 16:20:05
2025-06-04,INR,USD,83.5721,API_PRIMARY,2026-03-09 16:20:05
2025-06-05,INR,USD,80.9713,API_PRIMARY,2026-03-09 16:20:05
2025-06-06,INR,USD,83.5859,API_PRIMARY,2026-03-09 16:20:05
2025-06-07,INR,USD,83.6727,API_PRIMARY,2026-03-09 16:20:05
2025-06-08,INR,USD,83.6727,,
2025-06-09,INR,USD,81.837,API_PRIMARY,2026-03-09 16:20:05
2025-06-10,INR,USD,81.837,,
2025-06-11,INR,USD,83.5981,API_PRIMARY,2026-03-09 16:20:05
2025-06-12,INR,USD,82.0219,API_PRIMARY,2026-03-09 16:20:05
2025-06-13,INR,USD,82.3611,API_PRIMARY,2026-03-09 16:20:05
2025-06-14,INR,USD,82.3611,,
2025-06-15,INR,USD,83.1749,API_PRIMARY,2026-03-09 16:20:05
2025-06-16,INR,USD,82.4615,API_PRIMARY,2026-03-09 16:20:05
2025-06-17,INR,USD,83.8133,API_PRIMARY,2026-03-09 16:20:05
2025-06-18,INR,USD,82.3882,API_PRIMARY,2026-03-09 16:20:05
2025-06-19,INR,USD,82.2483,API_PRIMARY,2026-03-09 16:20:05
2025-06-20,INR,USD,83.7116,API_PRIMARY,2026-03-09 16:20:05
2025-06-21,INR,USD,83.5688,API_PRIMARY,2026-03-09 16:20:05
2025-06-22,INR,USD,83.3716,API_PRIMARY,2026-03-09 16:20:05
2025-06-23,INR,USD,82.0518,API_PRIMARY,2026-03-09 16:20:05
2025-06-24,INR,USD,84.2876,API_PRIMARY,2026-03-09 16:20:05
2025-06-25,INR,USD,81.9975,API_PRIMARY,2026-03-09 16:20:05
2025-06-26,INR,USD,81.305,API_PRIMARY,2026-03-09 16:20:05
2025-06-27,INR,USD,82.8419,API_PRIMARY,2026-03-09 16:20:05
2025-06-28,INR,USD,83.0432,API_PRIMARY,2026-03-09 16:20:05
2025-06-29,INR,USD,84.7453,API_PRIMARY,2026-03-09 16:20:05
2025-06-30,INR,USD,82.6772,API_PRIMARY,2026-03-09 16:20:05
2025-07-01,INR,USD,83.2553,API_PRIMARY,2026-03-09 16:20:05
2025-07-02,INR,USD,83.151,API_PRIMARY,2026-03-09 16:20:05
2025-07-03,INR,USD,82.8366,API_PRIMARY,2026-03-09 16:20:05
2025-07-04,INR,USD,82.2017,API_PRIMARY,2026-03-09 16:20:05
2025-07-05,INR,USD,82.7132,API_PRIMARY,2026-03-09 16:20:05
2025-07-06,INR,USD,83.6575,API_PRIMARY,2026-03-09 16:20:05
2025-07-07,INR,USD,83.0209,API_PRIMARY,2026-03-09 16:20:05
2025-07-08,INR,USD,82.4218,API_PRIMARY,2026-03-09 16:20:05
2025-07-09,INR,USD,83.8032,API_PRIMARY,2026-03-09 16:20:05
2025-07-10,INR,USD,83.7235,API_PRIMARY,2026-03-09 16:20:05
2025-07-11,INR,USD,81.4423,API_PRIMARY,2026-03-09 16:20:05
2025-07-12,INR,USD,84.0289,API_PRIMARY,2026-03-09 16:20:05
2025-07-13,INR,USD,83.1412,API_PRIMARY,2026-03-09 16:20:05
2025-07-14,INR,USD,82.1717,API_PRIMARY,2026-03-09 16:20:05
2025-07-15,INR,USD,83.0339,API_PRIMARY,2026-03-09 16:20:05
2025-07-16,INR,USD,81.3917,API_PRIMARY,2026-03-09 16:20:05
2025-07-17,INR,USD,83.3156,API_PRIMARY,2026-03-09 16:20:05
2025-07-18,INR,USD,83.4012,API_PRIMARY,2026-03-09 16:20:05
2025-07-19,INR,USD,82.7351,API_PRIMARY,2026-03-09 16:20:05
2025-07-20,INR,USD,84.991,API_PRIMARY,2026-03-09 16:20:05
2025-07-21,INR,USD,81.6793,API_PRIMARY,2026-03-09 16:20:05
2025-07-22,INR,USD,83.348,API_PRIMARY,2026-03-09 16:20:05
2025-07-23,INR,USD,84.096,API_PRIMARY,2026-03-09 16:20:05
2025-07-24,INR,USD,82.6811,API_PRIMARY,2026-03-09 16:20:05
2025-07-25,INR,USD,82.0663,API_PRIMARY,2026-03-09 16:20:05
2025-07-26,INR,USD,83.2417,API_PRIMARY,2026-03-09 16:20:05
2025-07-27,INR,USD,83.7648,API_PRIMARY,2026-03-09 16:20:05
2025-07-28,INR,USD,84.551,API_PRIMARY,2026-03-09 16:20:05
2025-07-29,INR,USD,82.766,API_PRIMARY,2026-03-09 16:20:05
2025-07-30,INR,USD,83.4207,API_PRIMARY,2026-03-09 16:20:05
2025-07-31,INR,USD,82.1237,API_PRIMARY,2026-03-09 16:20:05
2025-08-01,INR,USD,82.6428,API_PRIMARY,2026-03-09 16:20:05
2025-08-02,INR,USD,82.6428,,
2025-08-03,INR,USD,82.6428,,
2025-08-04,INR,USD,83.4634,API_PRIMARY,2026-03-09 16:20:05
2025-08-05,INR,USD,83.4578,API_PRIMARY,2026-03-09 16:20:05
2025-08-06,INR,USD,82.4025,API_PRIMARY,2026-03-09 16:20:05
2025-08-07,INR,USD,81.7218,API_PRIMARY,2026-03-09 16:20:05
2025-08-08,INR,USD,84.211,API_PRIMARY,2026-03-09 16:20:05
2025-08-09,INR,USD,84.8627,API_PRIMARY,2026-03-09 16:20:05
2025-08-10,INR,USD,83.8715,API_PRIMARY,2026-03-09 16:20:05
2025-08-11,INR,USD,83.4553,API_PRIMARY,2026-03-09 16:20:05
2025-08-12,INR,USD,83.0907,API_PRIMARY,2026-03-09 16:20:05
2025-08-13,INR,USD,82.8071,API_PRIMARY,2026-03-09 16:20:05
2025-08-14,INR,USD,83.5134,API_PRIMARY,2026-03-09 16:20:05
2025-08-15,INR,USD,82.3538,API_PRIMARY,2026-03-09 16:20:05
2025-08-16,INR,USD,82.8101,API_PRIMARY,2026-03-09 16:20:05
2025-08-17,INR,USD,82.8101,API_PRIMARY,2026-03-09 16:20:05
2025-08-18,INR,USD,83.2222,API_PRIMARY,2026-03-09 16:20:05
2025-08-19,INR,USD,82.9426,API_PRIMARY,2026-03-09 16:20:05
2025-08-20,INR,USD,82.9426,,
2025-08-21,INR,USD,83.251,API_PRIMARY,2026-03-09 16:20:05
2025-08-22,INR,USD,84.6587,API_PRIMARY,2026-03-09 16:20:05
2025-08-23,INR,USD,83.2309,API_PRIMARY,2026-03-09 16:20:05
2025-08-24,INR,USD,83.746,API_PRIMARY,2026-03-09 16:20:05
2025-08-25,INR,USD,81.193,API_PRIMARY,2026-03-09 16:20:05
2025-08-26,INR,USD,83.3115,API_PRIMARY,2026-03-09 16:20:05
2025-08-27,INR,USD,83.3832,API_PRIMARY,2026-03-09 16:20:05
2025-08-28,INR,USD,83.7597,API_PRIMARY,2026-03-09 16:20:05
2025-08-29,INR,USD,84.0997,API_PRIMARY,2026-03-09 16:20:05
2025-08-30,INR,USD,83.3653,API_PRIMARY,2026-03-09 16:20:05
2025-08-31,INR,USD,83.022,API_PRIMARY,2026-03-09 16:20:05
2025-09-01,INR,USD,81.3405,API_PRIMARY,2026-03-09 16:20:05
2025-09-02,INR,USD,82.7481,API_PRIMARY,2026-03-09 16:20:05
2025-09-03,INR,USD,83.5442,API_PRIMARY,2026-03-09 16:20:05
2025-09-04,INR,USD,83.791,API_PRIMARY,2026-03-09 16:20:05
2025-09-05,INR,USD,82.2147,API_PRIMARY,2026-03-09 16:20:05
2025-09-06,INR,USD,83.4785,API_PRIMARY,2026-03-09 16:20:05
2025-09-07,INR,USD,83.1533,API_PRIMARY,2026-03-09 16:20:05
2025-09-08,INR,USD,81.9156,API_PRIMARY,2026-03-09 16:20:05
2025-09-09,INR,USD,83.788,API_PRIMARY,2026-03-09 16:20:05
2025-09-10,INR,USD,83.417,API_PRIMARY,2026-03-09 16:20:05
2025-09-11,INR,USD,83.8321,API_PRIMARY,2026-03-09 16:20:05
2025-09-12,INR,USD,83.291,API_PRIMARY,2026-03-09 16:20:05
2025-09-13,INR,USD,83.0426,API_PRIMARY,2026-03-09 16:20:05
2025-09-14,INR,USD,81.0935,API_PRIMARY,2026-03-09 16:20:05
2025-09-15,INR,USD,82.2001,API_PRIMARY,2026-03-09 16:20:05
2025-09-16,INR,USD,82.0818,API_PRIMARY,2026-03-09 16:20:05
2025-09-17,INR,USD,81.9745,API_PRIMARY,2026-03-09 16:20:05
2025-09-18,INR,USD,82.5061,API_PRIMARY,2026-03-09 16:20:05
2025-09-19,INR,USD,85.183,API_PRIMARY,2026-03-09 16:20:05
2025-09-20,INR,USD,83.2279,API_PRIMARY,2026-03-09 16:20:05
2025-09-21,INR,USD,83.9691,API_PRIMARY,2026-03-09 16:20:05
2025-09-22,INR,USD,83.9071,API_PRIMARY,2026-03-09 16:20:05
2025-09-23,INR,USD,82.6789,API_PRIMARY,2026-03-09 16:20:05
2025-09-24,INR,USD,82.8617,API_PRIMARY,2026-03-09 16:20:05
2025-09-25,INR,USD,84.0962,API_PRIMARY,2026-03-09 16:20:05
2025-09-26,INR,USD,83.2236,API_PRIMARY,2026-03-09 16:20:05
2025-09-27,INR,USD,83.7206,API_PRIMARY,2026-03-09 16:20:05
2025-09-28,INR,USD,82.0043,API_PRIMARY,2026-03-09 16:20:05
2025-09-29,INR,USD,82.6912,API_PRIMARY,2026-03-09 16:20:05
2025-09-30,INR,USD,82.6912,,
2025-10-01,INR,USD,82.9027,API_PRIMARY,2026-03-09 16:20:05
2025-10-02,INR,USD,84.4392,API_PRIMARY,2026-03-09 16:20:05
2025-10-03,INR,USD,83.1465,API_PRIMARY,2026-03-09 16:20:05
2025-10-04,INR,USD,83.2878,API_PRIMARY,2026-03-09 16:20:05
2025-10-05,INR,USD,83.2878,,
2025-10-06,INR,USD,82.5143,API_PRIMARY,2026-03-09 16:20:05
2025-10-07,INR,USD,82.9362,API_PRIMARY,2026-03-09 16:20:05
2025-10-08,INR,USD,82.6723,API_PRIMARY,2026-03-09 16:20:05
2025-10-09,INR,USD,83.2708,API_PRIMARY,2026-03-09 16:20:05
2025-10-10,INR,USD,81.8151,API_PRIMARY,2026-03-09 16:20:05
2025-10-11,INR,USD,82.6764,API_PRIMARY,2026-03-09 16:20:05
2025-10-12,INR,USD,82.6764,API_PRIMARY,2026-03-09 16:20:05
2025-10-13,INR,USD,82.6764,,
2025-10-14,INR,USD,83.0923,API_PRIMARY,2026-03-09 16:20:05
2025-10-15,INR,USD,83.046,API_PRIMARY,2026-03-09 16:20:05
2025-10-16,INR,USD,85.1103,API_PRIMARY,2026-03-09 16:20:05
2025-10-17,INR,USD,83.0706,API_PRIMARY,2026-03-09 16:20:05
2025-10-18,INR,USD,82.9702,API_PRIMARY,2026-03-09 16:20:05
2025-10-19,INR,USD,82.5576,API_PRIMARY,2026-03-09 16:20:05
2025-10-20,INR,USD,82.5576,,
2025-10-21,INR,USD,83.2575,API_PRIMARY,2026-03-09 16:20:05
2025-10-22,INR,USD,83.0826,API_PRIMARY,2026-03-09 16:20:05
2025-10-23,INR,USD,83.0686,API_PRIMARY,2026-03-09 16:20:05
2025-10-24,INR,USD,82.6638,API_PRIMARY,2026-03-09 16:20:05
2025-10-25,INR,USD,82.2963,API_PRIMARY,2026-03-09 16:20:05
2025-10-26,INR,USD,84.4771,API_PRIMARY,2026-03-09 16:20:05
2025-10-27,INR,USD,82.8248,API_PRIMARY,2026-03-09 16:20:05
2025-10-28,INR,USD,82.8898,API_PRIMARY,2026-03-09 16:20:05
2025-10-29,INR,USD,83.48,API_PRIMARY,2026-03-09 16:20:05
2025-10-30,INR,USD,82.5336,API_PRIMARY,2026-03-09 16:20:05
2025-10-31,INR,USD,84.0329,API_PRIMARY,2026-03-09 16:20:05
2025-11-01,INR,USD,82.2201,API_PRIMARY,2026-03-09 16:20:05
2025-11-02,INR,USD,81.8822,API_PRIMARY,2026-03-09 16:20:05
2025-11-03,INR,USD,82.6879,API_PRIMARY,2026-03-09 16:20:05
2025-11-04,INR,USD,82.4033,API_PRIMARY,2026-03-09 16:20:05
2025-11-05,INR,USD,82.9976,API_PRIMARY,2026-03-09 16:20:05
2025-11-06,INR,USD,83.2388,API_PRIMARY,2026-03-09 16:20:05
2025-11-07,INR,USD,83.1851,API_PRIMARY,2026-03-09 16:20:05
2025-11-08,INR,USD,83.393,API_PRIMARY,2026-03-09 16:20:05
2025-11-09,INR,USD,83.1364,API_PRIMARY,2026-03-09 16:20:05
2025-11-10,INR,USD,83.2859,API_PRIMARY,2026-03-09 16:20:05
2025-11-11,INR,USD,83.133,API_PRIMARY,2026-03-09 16:20:05
2025-11-12,INR,USD,83.2896,API_PRIMARY,2026-03-09 16:20:05
2025-11-13,INR,USD,83.7481,API_PRIMARY,2026-03-09 16:20:05
2025-11-14,INR,USD,82.8732,API_PRIMARY,2026-03-09 16:20:05
2025-11-15,INR,USD,81.3234,API_PRIMARY,2026-03-09 16:20:05
2025-11-16,INR,USD,83.1837,API_PRIMARY,2026-03-09 16:20:05
2025-11-17,INR,USD,83.5049,API_PRIMARY,2026-03-09 16:20:05
2025-11-18,INR,USD,83.4565,API_PRIMARY,2026-03-09 16:20:05
2025-11-19,INR,USD,83.7097,API_PRIMARY,2026-03-09 16:20:05
2025-11-20,INR,USD,83.8406,API_PRIMARY,2026-03-09 16:20:05
2025-11-21,INR,USD,84.6747,API_PRIMARY,2026-03-09 16:20:05
2025-11-22,INR,USD,84.3273,API_PRIMARY,2026-03-09 16:20:05
2025-11-23,INR,USD,82.9857,API_PRIMARY,2026-03-09 16:20:05
2025-11-24,INR,USD,82.2285,API_PRIMARY,2026-03-09 16:20:05
2025-11-25,INR,USD,84.093,API_PRIMARY,2026-03-09 16:20:05
2025-11-26,INR,USD,84.7832,API_PRIMARY,2026-03-09 16:20:05
2025-11-27,INR,USD,83.751,API_PRIMARY,2026-03-09 16:20:05
2025-11-28,INR,USD,82.7235,API_PRIMARY,2026-03-09 16:20:05
2025-11-29,INR,USD,83.1559,API_PRIMARY,2026-03-09 16:20:05
2025-11-30,INR,USD,84.1312,API_PRIMARY,2026-03-09 16:20:05
2025-12-01,INR,USD,82.9946,API_PRIMARY,2026-03-09 16:20:05
2025-12-02,INR,USD,82.4061,API_PRIMARY,2026-03-09 16:20:05
2025-12-03,INR,USD,82.8177,API_PRIMARY,2026-03-09 16:20:05
2025-12-04,INR,USD,82.9267,API_PRIMARY,2026-03-09 16:20:05
2025-12-05,INR,USD,82.6964,API_PRIMARY,2026-03-09 16:20:05
2025-12-06,INR,USD,82.3012,API_PRIMARY,2026-03-09 16:20:05
2025-12-07,INR,USD,83.0681,API_PRIMARY,2026-03-09 16:20:05
2025-12-08,INR,USD,84.1337,API_PRIMARY,2026-03-09 16:20:05
2025-12-09,INR,USD,82.8564,API_PRIMARY,2026-03-09 16:20:05
2025-12-10,INR,USD,82.4543,API_PRIMARY,2026-03-09 16:20:05
2025-12-11,INR,USD,82.6274,API_PRIMARY,2026-03-09 16:20:05
2025-12-12,INR,USD,82.8528,API_PRIMARY,2026-03-09 16:20:05
2025-12-13,INR,USD,82.8528,,
2025-12-14,INR,USD,82.6617,API_PRIMARY,2026-03-09 16:20:05
2025-12-15,INR,USD,83.0479,API_PRIMARY,2026-03-09 16:20:05
2025-12-16,INR,USD,82.8789,API_PRIMARY,2026-03-09 16:20:05
2025-12-17,INR,USD,83.3234,API_PRIMARY,2026-03-09 16:20:05
2025-12-18,INR,USD,83.6669,API_PRIMARY,2026-03-09 16:20:05
2025-12-19,INR,USD,81.2518,API_PRIMARY,2026-03-09 16:20:05
2025-12-20,INR,USD,81.2518,,
2025-12-21,INR,USD,82.7101,API_PRIMARY,2026-03-09 16:20:05
2025-12-22,INR,USD,82.9334,API_PRIMARY,2026-03-09 16:20:05
2025-12-23,INR,USD,84.3151,API_PRIMARY,2026-03-09 16:20:05
2025-12-24,INR,USD,83.5779,API_PRIMARY,2026-03-09 16:20:05
2025-12-25,INR,USD,84.1764,API_PRIMARY,2026-03-09 16:20:05
2025-12-26,INR,USD,81.3596,API_PRIMARY,2026-03-09 16:20:05
2025-12-27,INR,USD,81.712,API_PRIMARY,2026-03-09 16:20:05
2025-12-28,INR,USD,83.0117,API_PRIMARY,2026-03-09 16:20:05
2025-12-29,INR,USD,81.971,API_PRIMARY,2026-03-09 16:20:05
2025-12-30,INR,USD,82.2917,API_PRIMARY,2026-03-09 16:20:05
2025-12-31,INR,USD,83.5774,API_PRIMARY,2026-03-09 16:20:05
2026-01-01,INR,USD,82.9585,API_PRIMARY,2026-03-09 16:20:05
2026-01-02,INR,USD,83.0961,API_PRIMARY,2026-03-09 16:20:05
2026-01-03,INR,USD,83.0961,API_PRIMARY,2026-03-09 16:20:05
2026-01-04,INR,USD,84.5965,API_PRIMARY,2026-03-09 16:20:05
2026-01-05,INR,USD,84.5965,,
2026-01-06,INR,USD,84.5965,API_PRIMARY,2026-03-09 16:20:05
2026-01-07,INR,USD,81.9286,API_PRIMARY,2026-03-09 16:20:05
2026-01-08,INR,USD,83.2643,API_PRIMARY,2026-03-09 16:20:05
2026-01-09,INR,USD,83.1049,API_PRIMARY,2026-03-09 16:20:05
2026-01-10,INR,USD,81.3286,API_PRIMARY,2026-03-09 16:20:05
2026-01-11,INR,USD,84.2417,API_PRIMARY,2026-03-09 16:20:05
2026-01-12,INR,USD,82.7197,API_PRIMARY,2026-03-09 16:20:05
2026-01-13,INR,USD,80.5668,API_PRIMARY,2026-03-09 16:20:05
2026-01-14,INR,USD,83.1197,API_PRIMARY,2026-03-09 16:20:05
2026-01-15,INR,USD,83.1047,API_PRIMARY,2026-03-09 16:20:05
2026-01-16,INR,USD,80.9788,API_PRIMARY,2026-03-09 16:20:05
2026-01-17,INR,USD,83.3142,API_PRIMARY,2026-03-09 16:20:05
2026-01-18,INR,USD,83.0026,API_PRIMARY,2026-03-09 16:20:05
2026-01-19,INR,USD,82.7244,API_PRIMARY,2026-03-09 16:20:05
2026-01-20,INR,USD,82.7244,,
2026-01-21,INR,USD,83.4106,API_PRIMARY,2026-03-09 16:20:05
2026-01-22,INR,USD,83.4106,,
2026-01-23,INR,USD,82.6176,API_PRIMARY,2026-03-09 16:20:05
2026-01-24,INR,USD,83.6353,API_PRIMARY,2026-03-09 16:20:05
2026-01-25,INR,USD,82.6908,API_PRIMARY,2026-03-09 16:20:05
2026-01-26,INR,USD,84.3197,API_PRIMARY,2026-03-09 16:20:05
2026-01-27,INR,USD,82.4244,API_PRIMARY,2026-03-09 16:20:05
2026-01-28,INR,USD,82.0497,API_PRIMARY,2026-03-09 16:20:05
2026-01-29,INR,USD,84.4374,API_PRIMARY,2026-03-09 16:20:05
2026-01-30,INR,USD,81.7379,API_PRIMARY,2026-03-09 16:20:05
2026-01-31,INR,USD,82.7307,API_PRIMARY,2026-03-09 16:20:05
2026-02-01,INR,USD,82.6444,API_PRIMARY,2026-03-09 16:20:05
2026-02-02,INR,USD,83.9629,API_PRIMARY,2026-03-09 16:20:05
2026-02-03,INR,USD,82.9175,API_PRIMARY,2026-03-09 16:20:05
2026-02-04,INR,USD,85.2733,API_PRIMARY,2026-03-09 16:20:05
2026-02-05,INR,USD,83.7021,API_PRIMARY,2026-03-09 16:20:05
2026-02-06,INR,USD,82.9468,API_PRIMARY,2026-03-09 16:20:05
2026-02-07,INR,USD,82.9468,,
2026-02-08,INR,USD,83.0314,API_PRIMARY,2026-03-09 16:20:05
2026-02-09,INR,USD,82.6791,API_PRIMARY,2026-03-09 16:20:05
2026-02-10,INR,USD,83.394,API_PRIMARY,2026-03-09 16:20:05
2026-02-11,INR,USD,81.5859,API_PRIMARY,2026-03-09 16:20:05
2026-02-12,INR,USD,83.0414,API_PRIMARY,2026-03-09 16:20:05
2026-02-13,INR,USD,81.7907,API_PRIMARY,2026-03-09 16:20:05
2026-02-14,INR,USD,81.4836,API_PRIMARY,2026-03-09 16:20:05
2026-02-15,INR,USD,83.4422,API_PRIMARY,2026-03-09 16:20:05
2026-02-16,INR,USD,85.1082,API_PRIMARY,2026-03-09 16:20:05
2026-02-17,INR,USD,83.8414,API_PRIMARY,2026-03-09 16:20:05
2026-02-18,INR,USD,83.5242,API_PRIMARY,2026-03-09 16:20:05
2026-02-19,INR,USD,84.1165,API_PRIMARY,2026-03-09 16:20:05
2026-02-20,INR,USD,83.6498,API_PRIMARY,2026-03-09 16:20:05
2026-02-21,INR,USD,83.4308,API_PRIMARY,2026-03-09 16:20:05
2026-02-22,INR,USD,82.6395,API_PRIMARY,2026-03-09 16:20:05
2026-02-23,INR,USD,83.1971,API_PRIMARY,2026-03-09 16:20:05
2026-02-24,INR,USD,83.3764,API_PRIMARY,2026-03-09 16:20:05
2026-02-25,INR,USD,82.8229,API_PRIMARY,2026-03-09 16:20:05
2026-02-26,INR,USD,82.2827,API_PRIMARY,2026-03-09 16:20:05
2026-02-27,INR,USD,82.4648,API_PRIMARY,2026-03-09 16:20:05
2026-02-28,INR,USD,84.3469,API_PRIMARY,2026-03-09 16:20:05
2026-03-01,INR,USD,83.5865,API_PRIMARY,2026-03-09 16:20:05
2026-03-02,INR,USD,83.7225,API_PRIMARY,2026-03-09 16:20:05
2026-03-03,INR,USD,83.5681,API_PRIMARY,2026-03-09 16:20:05
2026-03-04,INR,USD,83.0832,API_PRIMARY,2026-03-09 16:20:05
2026-03-05,INR,USD,82.5422,API_PRIMARY,2026-03-09 16:20:05
2026-03-06,INR,USD,83.2013,API_PRIMARY,2026-03-09 16:20:05
2026-03-07,INR,USD,82.1151,API_PRIMARY,2026-03-09 16:20:05
2026-03-08,INR,USD,83.3002,API_PRIMARY,2026-03-09 16:20:05
